"conversation_id","created_at","favorite_count","full_text","hashtags/0","hashtags/1","hashtags/2","hashtags/3","hashtags/4","hashtags/5","hashtags/6","hashtags/7","hashtags/8","id","is_quote_tweet","is_retweet","media/0/media_url","media/0/type","media/0/video_url","media/1/media_url","media/1/type","media/2/media_url","media/2/type","media/3/media_url","media/3/type","reply_count","replying_to_tweet","retweet_count","startUrl","url","urls/0/display_url","urls/0/expanded_url","urls/0/url","urls/1/display_url","urls/1/expanded_url","urls/1/url","user/advertiser_account_type","user/blocked_by","user/blocking","user/business_profile_state","user/can_dm","user/contributors_enabled","user/created_at","user/default_profile_image","user/description","user/ext_has_nft_avatar","user/ext_is_blue_verified","user/ext_profile_image_shape","user/fast_followers_count","user/favourites_count","user/follow_request_sent","user/followed_by","user/followers_count","user/following","user/friends_count","user/geo_enabled","user/has_custom_timelines","user/id","user/id_str","user/is_translation_enabled","user/is_translator","user/lang","user/listed_count","user/location","user/media_count","user/muting","user/name","user/normal_followers_count","user/notifications","user/profile_background_color","user/profile_background_image_url","user/profile_background_image_url_https","user/profile_background_tile","user/profile_banner_url","user/profile_image_url","user/profile_image_url_https","user/profile_sidebar_border_color","user/profile_sidebar_fill_color","user/profile_text_color","user/profile_use_background_image","user/protected","user/require_some_consent","user/screen_name","user/statuses_count","user/time_zone","user/translator_type","user/url","user/utc_offset","user/verified","user/want_retweets","user_mentions/0/id_str","user_mentions/0/name","user_mentions/0/profile","user_mentions/0/screen_name","user_mentions/1/id_str","user_mentions/1/name","user_mentions/1/profile","user_mentions/1/screen_name","user_mentions/2/id_str","user_mentions/2/name","user_mentions/2/profile","user_mentions/2/screen_name","user_mentions/3/id_str","user_mentions/3/name","user_mentions/3/profile","user_mentions/3/screen_name","user_mentions/4/id_str","user_mentions/4/name","user_mentions/4/profile","user_mentions/4/screen_name","view_count"
"1649098087707844608","2023-04-20T17:09:57.000Z","0","【極微小地震速報 熊本県1/14】
2023/04/21 1:37:07 JST, 
熊本県苓北町役場の西33.6km, 
M0.6, TNT119.8g, 深さ15.0km, 
https://t.co/8XfhsT2d3E
#苓北町 https://t.co/sdobnQYvsn","苓北町",,,,,,,,,"1649098087707844608","false","false","https://pbs.twimg.com/media/FuLF-MdaQAEn6Fq.png","photo",,,,,,,,"0",,"0","https://twitter.com/search?q=earthquake&src=typed_query&f=live","https://twitter.com/earthquake_all/status/1649098087707844608","maps.google.co.jp/maps?f=q&hl=ja…","http://maps.google.co.jp/maps?f=q&hl=ja&geocode=&q=32.4738,129.7004&ie=UTF8&ll=32.4738,129.7004&z=10","https://t.co/8XfhsT2d3E",,,,"promotable_user",,,"none",,"false","2011-10-04T14:18:08.000Z","false","ネコが旗もって癒しを提供する地震速報。各地を訪れて🐾を残していきます。防災科研データをネコ変換しています。都道府県毎にその日最初の震源地をお知らせ","false","false","Circle","0","5",,,"20522",,"5","true","false","384889871","384889871","false","false",,"1002","黒門島","266735",,"全地震速報①🐾","20522",,"000000","http://abs.twimg.com/images/themes/theme1/bg.png","https://abs.twimg.com/images/themes/theme1/bg.png","false","https://pbs.twimg.com/profile_banners/384889871/1576319995","http://pbs.twimg.com/profile_images/799169974187134976/seXIyh4M_normal.jpg","https://pbs.twimg.com/profile_images/799169974187134976/seXIyh4M_normal.jpg","000000","DDEEF6","333333","false","false","false","earthquake_all","1121290",,"none","https://t.co/NGWfJuDAEG",,"false",,,,,,,,,,,,,,,,,,,,,,
"1649098067541385216","2023-04-20T17:09:52.000Z","0","#Earthquake (#deprem) M2.0 strikes 17 km NW of #Antioch (#Turkey) 45 min ago. More info: https://t.co/Iez8QFCuFJ","Earthquake","deprem","Antioch","Turkey",,,,,,"1649098067541385216","false","false",,,,,,,,,,"0",,"0","https://twitter.com/search?q=earthquake&src=typed_query&f=live","https://twitter.com/EMSC/status/1649098067541385216","emsc-csem.org/Earthquake/ear…","https://www.emsc-csem.org/Earthquake/earthquake.php?id=1252159","https://t.co/Iez8QFCuFJ",,,,"promotable_user",,,"none",,"false","2014-04-17T12:27:48.000Z","false","EMSC provides rapid earthquake info. This account displays all recorded worldwide earthquakes. Significant earthquakes only on @LastQuake
Also: https://t.co/dzwCWKQCQu","false","false","Circle","0","2",,,"48644",,"4","false","false","2449645080","2449645080","false","false",,"722","Bruyères-Le-Chatel, France","0",,"AllQuakes - EMSC","48644",,"C0DEED","http://abs.twimg.com/images/themes/theme1/bg.png","https://abs.twimg.com/images/themes/theme1/bg.png","false","https://pbs.twimg.com/profile_banners/2449645080/1448463601","http://pbs.twimg.com/profile_images/669527063951482881/xz1X8uwO_normal.png","https://pbs.twimg.com/profile_images/669527063951482881/xz1X8uwO_normal.png","C0DEED","DDEEF6","333333","true","false","false","EMSC","452142",,"none","https://t.co/goORnDGkOk",,"false",,,,,,,,,,,,,,,,,,,,,,
"1649098046817583105","2023-04-20T17:09:47.000Z","1","Two new papers published about the 2023 Turkey-Syria earthquakes!

Karabulut et al. suggest that the historical record of earthquakes overestimates past magnitudes.

Barbot et al. identify a seismic gap at the NE end of the rupture.

Read more here: 

https://t.co/Tk5WN1e7Z0",,,,,,,,,,"1649098046817583105","false","false",,,,,,,,,,"1",,"0","https://twitter.com/search?q=earthquake&src=typed_query&f=live","https://twitter.com/JudithGeology/status/1649098046817583105","earthquakeinsights.substack.com/p/two-new-pape…","https://earthquakeinsights.substack.com/p/two-new-papers-published-on-the-feb","https://t.co/Tk5WN1e7Z0",,,,"promotable_user",,,"none",,"false","2016-11-10T22:59:28.000Z","false","Plate tectonics to earthquakes, and everything in between • Visiting Asst Prof @CornellEAS • Prev @EOS_SG, Caltech, Harvard • Author • Mom of 3 • She/her","false","false","Circle","0","6419",,,"42844",,"1162","false","true","796849786536206300","796849786536206337","false","false",,"257","Ithaca, NY","1093",,"Dr. Judith Hubbard","42844",,"F5F8FA",,,"false","https://pbs.twimg.com/profile_banners/796849786536206337/1642413913","http://pbs.twimg.com/profile_images/1398224526652043268/8ryx5c-Z_normal.jpg","https://pbs.twimg.com/profile_images/1398224526652043268/8ryx5c-Z_normal.jpg","C0DEED","DDEEF6","333333","true","false","false","JudithGeology","4727",,"none","https://t.co/FAJOTs2fq9",,"false",,,,,,,,,,,,,,,,,,,,,,
"1649097930832490496","2023-04-20T17:09:20.000Z","0","Dear @elonmusk: This is wrong. This individual @BaranKk20 has been selflessly spending his own money and his teams’ time for earthquake relief and recovery in Turkey since Day 1. Please reinstate his account.",,,,,,,,,,"1649097930832490496","false","false",,,,,,,,,,"0",,"0","https://twitter.com/search?q=earthquake&src=typed_query&f=live","https://twitter.com/Suleymandtr/status/1649097930832490496",,,,,,,"promotable_user",,,"none",,"false","2010-02-08T13:25:39.000Z","false","","false","false","Circle","0","283112",,,"550",,"1654","false","false","112428851","112428851","false","false",,"8","İstanbul, Türkiye","126",,"suleymandtr","550",,"C0DEED","http://abs.twimg.com/images/themes/theme1/bg.png","https://abs.twimg.com/images/themes/theme1/bg.png","false","https://pbs.twimg.com/profile_banners/112428851/1491042940","http://pbs.twimg.com/profile_images/1152216674696945664/ikHmW-XT_normal.jpg","https://pbs.twimg.com/profile_images/1152216674696945664/ikHmW-XT_normal.jpg","C0DEED","DDEEF6","333333","true","false","false","Suleymandtr","31378",,"none","https://t.co/ydNWS31alq",,"false",,"44196397","Elon Musk","https://twitter.com/elonmusk","elonmusk","1196149993121472517","Volkan OKÇU","https://twitter.com/BaranKk20","BaranKk20",,,,,,,,,,,,,"1"
"1649056358183096324","2023-04-20T17:09:18.000Z","0","@cetinkayakoc @elonmusk @BaranKk20 Dear @elonmusk: This is wrong. This individual @BaranKk20 has been selflessly spending his own money and his teams’ time for earthquake relief and recovery in Turkey since Day 1. Please reinstate his account.",,,,,,,,,,"1649097923366469639","false","false",,,,,,,,,,"0","https://twitter.com/cetinkayakoc/status/1649056358183096324","0","https://twitter.com/search?q=earthquake&src=typed_query&f=live","https://twitter.com/ecemecexx/status/1649097923366469639",,,,,,,"none",,,"none",,"false","2023-04-08T23:13:11.000Z","false","","false","false","Circle","0","606",,,"1",,"33","false","false","1644840709369868300","1644840709369868289","false","false",,"0","","1",,"ece","1",,"F5F8FA",,,"false",,"http://pbs.twimg.com/profile_images/1644840845730783232/N0vYs3JI_normal.png","https://pbs.twimg.com/profile_images/1644840845730783232/N0vYs3JI_normal.png","C0DEED","DDEEF6","333333","true","false","false","ecemecexx","4",,"none",,,"false",,"1127910304292134912","Çetin Kaya Koç","https://twitter.com/cetinkayakoc","cetinkayakoc","44196397","Elon Musk","https://twitter.com/elonmusk","elonmusk","1196149993121472517","Volkan OKÇU","https://twitter.com/BaranKk20","BaranKk20","44196397","Elon Musk","https://twitter.com/elonmusk","elonmusk","1196149993121472517","Volkan OKÇU","https://twitter.com/BaranKk20","BaranKk20",
"1649097879242391559","2023-04-20T17:09:07.000Z","0","USGS reports a M2.01 earthquake, 23 km WNW of Stanley, Idaho on 4/19/23 @ 18:25:30 UTChttps://t.co/66dI3F8M3y#earthquake","earthquake",,,,,,,,,"1649097879242391559","false","false",,,,,,,,,,"0",,"0","https://twitter.com/search?q=earthquake&src=typed_query&f=live","https://twitter.com/everyEarthquake/status/1649097879242391559","earthquake.usgs.gov/earthquakes/ev…","https://earthquake.usgs.gov/earthquakes/eventpage/mb90010983","https://t.co/66dI3F8M3y",,,,"promotable_user",,,"none",,"false","2013-05-09T05:36:42.000Z","false","Tweeting every earthquake occurrence reported by USGS.  Built and maintained by David Barkman aka @cybler.","false","true","Circle","0","15",,,"31238",,"1","true","false","1414684496","1414684496","false","false",,"416","Earth","0",,"Every Earthquake","31238",,"131516","http://abs.twimg.com/images/themes/theme14/bg.gif","https://abs.twimg.com/images/themes/theme14/bg.gif","true","https://pbs.twimg.com/profile_banners/1414684496/1591942134","http://pbs.twimg.com/profile_images/1271322067451801603/jh5Aked-_normal.jpg","https://pbs.twimg.com/profile_images/1271322067451801603/jh5Aked-_normal.jpg","EEEEEE","EFEFEF","333333","true","false","false","everyEarthquake","806391",,"none","http://t.co/F96blurVzC",,"false",,,,,,,,,,,,,,,,,,,,,,"17"
"1649097868891009025","2023-04-20T17:09:05.000Z","0","#UtahGreatShakeOut was a success! Thank you to everyone who participated in this educational event to promote #earthquake safety 🦺 https://t.co/s4OoKn0Tdc","UtahGreatShakeOut","earthquake",,,,,,,,"1649097868891009025","false","false","https://pbs.twimg.com/ext_tw_video_thumb/1649097829393260549/pu/img/xiWU51ngDt-KrN3k.jpg","video","https://video.twimg.com/ext_tw_video/1649097829393260549/pu/vid/720x1280/XA2Zbhh_I0Bf-rFk.mp4?tag=12",,,,,,,"0",,"0","https://twitter.com/search?q=earthquake&src=typed_query&f=live","https://twitter.com/bereadyslc/status/1649097868891009025",,,,,,,"promotable_user",,,"none",,"false","2010-12-01T21:58:33.000Z","false","Official Twitter page for the Salt Lake Fire Emergency Management Department - Be Ready, BE Prepared in the event of a disaster!","false","false","Circle","0","5469",,,"2219",,"222","true","true","221885471","221885471","false","false",,"61","","1063",,"@bereadyslc","2219",,"000000","http://abs.twimg.com/images/themes/theme15/bg.png","https://abs.twimg.com/images/themes/theme15/bg.png","false","https://pbs.twimg.com/profile_banners/221885471/1672417746","http://pbs.twimg.com/profile_images/1509911291854397442/AXAV6nhT_normal.jpg","https://pbs.twimg.com/profile_images/1509911291854397442/AXAV6nhT_normal.jpg","000000","000000","000000","false","false","false","bereadyslc","5850",,"none","https://t.co/8o2css41qP",,"true",,,,,,,,,,,,,,,,,,,,,,"5"
"1649097862415003648","2023-04-20T17:09:03.000Z","0","A 2.0 magnitude #earthquake occured at 23 km WNW of Stanley, Idaho. See the full report at: https://t.co/5cLQTVu2ft https://t.co/eUvNqPFtdZ","earthquake",,,,,,,,,"1649097862415003648","false","false","https://pbs.twimg.com/media/FuLFxFSakAAicyA.png","photo",,,,,,,,"0",,"0","https://twitter.com/search?q=earthquake&src=typed_query&f=live","https://twitter.com/Global_EQ/status/1649097862415003648","earthquakefeed.com/eq/mb90010983/…","https://earthquakefeed.com/eq/mb90010983/23-km-WNW-of-Stanley-Idaho","https://t.co/5cLQTVu2ft",,,,"none",,,"none",,"false","2022-08-26T13:57:13.000Z","false","Global feed of #earthquakes @Seattle_EQ, @LosAngeles_EQ, @SanFrancisco_EQ

Chrome Extension: https://t.co/LBPG22cUtq","false","false","Circle","0","1",,,"421",,"3","false","false","1563163621860917200","1563163621860917250","false","false",,"0","Earth","11255",,"Global Earthquake Alerts","421",,"F5F8FA",,,"false","https://pbs.twimg.com/profile_banners/1563163621860917250/1664956369","http://pbs.twimg.com/profile_images/1579498436474216449/M_F6qsk3_normal.jpg","https://pbs.twimg.com/profile_images/1579498436474216449/M_F6qsk3_normal.jpg","C0DEED","DDEEF6","333333","true","false","false","Global_EQ","17883",,"none","https://t.co/FCNZrGiQeS",,"false",,,,,,,,,,,,,,,,,,,,,,"2"
"1649097821503602705","2023-04-20T17:08:54.000Z","0","#Earthquake M3.8 Haiti Region 7mins ago 20 Apr 17:02 UTC - report/info: 
https://t.co/HdXXEvNdkO","Earthquake",,,,,,,,,"1649097821503602705","false","false",,,,,,,,,,"0",,"1","https://twitter.com/search?q=earthquake&src=typed_query&f=live","https://twitter.com/EQAlerts/status/1649097821503602705","volcanodiscovery.com/app/earthquake…","https://www.volcanodiscovery.com/app/earthquakes/quake-info/7556389/mag3quake-Apr-20-2023-Haiti-Region.html","https://t.co/HdXXEvNdkO",,,,"none",,,"none",,"false","2016-12-15T23:15:20.000Z","false","Earthquakes alerts in near-real time worldwide (from M 3.2)  Website: https://t.co/MLowsUoZya Android: https://t.co/jJPJGn7OsS Facebook: https://t.co/GjHoAF5ZRW","false","false","Circle","0","5",,,"43113",,"43","false","true","809537352909656000","809537352909656064","false","false",,"364","","9",,"Earthquake Monitor","43113",,"000000","http://abs.twimg.com/images/themes/theme1/bg.png","https://abs.twimg.com/images/themes/theme1/bg.png","false","https://pbs.twimg.com/profile_banners/809537352909656064/1481848195","http://pbs.twimg.com/profile_images/809538874351423489/5q0TodJO_normal.jpg","https://pbs.twimg.com/profile_images/809538874351423489/5q0TodJO_normal.jpg","000000","000000","000000","false","false","false","EQAlerts","178097",,"none","https://t.co/x8ZUHjZA1h",,"false",,,,,,,,,,,,,,,,,,,,,,"17"
"1649097773273300999","2023-04-20T17:08:42.000Z","0","Dear @elonmusk: This is wrong. This individual @BaranKk20 has been selflessly spending his own money and his teams’ time for earthquake relief and recovery in Turkey since Day 1. Please reinstate his account.",,,,,,,,,,"1649097773273300999","false","false",,,,,,,,,,"0",,"0","https://twitter.com/search?q=earthquake&src=typed_query&f=live","https://twitter.com/__SelimDizdar__/status/1649097773273300999",,,,,,,"none",,,"none",,"false","2020-06-17T20:24:58.000Z","false","","false","false","Circle","0","87948",,,"1183",,"1802","false","true","1273350908773109800","1273350908773109761","false","false",,"0","","160",,"Selim Özdemir","1183",,"F5F8FA",,,"false","https://pbs.twimg.com/profile_banners/1273350908773109761/1666461314","http://pbs.twimg.com/profile_images/1386496477485178880/IElrgyEy_normal.jpg","https://pbs.twimg.com/profile_images/1386496477485178880/IElrgyEy_normal.jpg","C0DEED","DDEEF6","333333","true","false","false","__SelimDizdar__","24815",,"none",,,"false",,"44196397","Elon Musk","https://twitter.com/elonmusk","elonmusk","1196149993121472517","Volkan OKÇU","https://twitter.com/BaranKk20","BaranKk20",,,,,,,,,,,,,"1"
"1649049563033141251","2023-04-20T17:08:31.000Z","0","@jimwills21 @TMZ TDS is a real thing! We can have an earthquake in 2050 and it still will be Trumps fault.",,,,,,,,,,"1649097725424832513","false","false",,,,,,,,,,"0","https://twitter.com/jimwills21/status/1649060162391654400","0","https://twitter.com/search?q=earthquake&src=typed_query&f=live","https://twitter.com/Lewisjk8081/status/1649097725424832513",,,,,,,"none",,,"none",,"false","2022-10-28T17:12:01.000Z","false","I’m not here for followers, only for entertainment within the matrix. Proud Member of NO MA'AM. Rest Easy - EAZY.","false","false","Circle","0","2652",,,"22",,"57","false","true","1586043032205336600","1586043032205336576","false","false",,"1","Los Angeles, CA","97",,"NO MA'AM","22",,"F5F8FA",,,"false","https://pbs.twimg.com/profile_banners/1586043032205336576/1670615210","http://pbs.twimg.com/profile_images/1601300932918071297/2Ca1IuF__normal.jpg","https://pbs.twimg.com/profile_images/1601300932918071297/2Ca1IuF__normal.jpg","C0DEED","DDEEF6","333333","true","false","false","Lewisjk8081","1018",,"none",,,"false",,"2563888112","Jim Williams","https://twitter.com/jimwills21","jimwills21","16331010","TMZ","https://twitter.com/TMZ","TMZ",,,,,,,,,,,,,"2"
"1649097628330901504","2023-04-20T17:08:08.000Z","0","Bu Bayramı sessiz kutlayın!...
CELEBRATE THİS EİD QUİETLY...
#earthquake https://t.co/ULTrPUKZBE","earthquake",,,,,,,,,"1649097628330901504","false","false","https://pbs.twimg.com/media/FuLFiw2XwAICgQS.jpg","photo",,,,,,,,"0",,"0","https://twitter.com/search?q=earthquake&src=typed_query&f=live","https://twitter.com/ademre4444/status/1649097628330901504",,,,,,,"promotable_user",,,"none",,"false","2014-04-08T13:13:45.000Z","false","No Porn, No DM
Bipliophile/Bookish
TÜRKİYE LOVER
Malatya/Melita/Malatiye/Maldiya LOVER","false","false","Circle","0","34574",,,"1005",,"1743","true","true","2469533973","2469533973","false","false",,"4","","785",,"Ali Demirel","1005",,"ACDED6","http://abs.twimg.com/images/themes/theme18/bg.gif","https://abs.twimg.com/images/themes/theme18/bg.gif","false",,"http://pbs.twimg.com/profile_images/1503414435892932611/AEWoLMMA_normal.jpg","https://pbs.twimg.com/profile_images/1503414435892932611/AEWoLMMA_normal.jpg","FFFFFF","F6F6F6","333333","true","false","false","ademre4444","15556",,"none",,,"false",,,,,,,,,,,,,,,,,,,,,,"4"
"1649097605841035264","2023-04-20T17:08:02.000Z","0","Yesterday we had an earthquake drill in Mexico. The alert is absolutely fucking horrifying, but it's a necessary evil that saves lives.

 Horrid it as it is, it reminded me of this hilarious rating Emergency Alert Systems, by @calvinkrause https://t.co/OyTwL3gf93",,,,,,,,,,"1649097605841035264","false","false","https://pbs.twimg.com/ext_tw_video_thumb/1649097557170176004/pu/img/rAyG3Kual5zwXoJv.jpg","video","https://video.twimg.com/ext_tw_video/1649097557170176004/pu/vid/650x1278/fvBsoQzBB_wts_YA.mp4?tag=12",,,,,,,"0",,"0","https://twitter.com/search?q=earthquake&src=typed_query&f=live","https://twitter.com/eperea/status/1649097605841035264",,,,,,,"promotable_user",,,"none",,"false","2009-03-23T05:13:07.000Z","false","Seeker @MagmaPartners. I like startups, the web, music, cars, food, books, science, tech, cool ideas, and random entertaining stuff. Pauca sed matura.","false","false","Circle","0","19174",,,"17630",,"505","true","true","25958068","25958068","false","false",,"236","Nepantla","5738",,"Eugenio Perea","17630",,"131516","http://abs.twimg.com/images/themes/theme14/bg.gif","https://abs.twimg.com/images/themes/theme14/bg.gif","false","https://pbs.twimg.com/profile_banners/25958068/1511459010","http://pbs.twimg.com/profile_images/665042485148672001/Qna-Vbyq_normal.jpg","https://pbs.twimg.com/profile_images/665042485148672001/Qna-Vbyq_normal.jpg","FFFFFF","EFEFEF","333333","true","false","false","eperea","48303",,"regular","https://t.co/YLTn1hcK0M",,"true",,"51215017","Calvin Krause","https://twitter.com/calvinkrause","calvinkrause",,,,,,,,,,,,,,,,,"53"
"1649081234511806465","2023-04-20T17:07:04.000Z","0","@HillaryClinton @OnwardTogether Just gave corrupt Ukraine another 350 million. 
How about letting the American people see the 150 banking red flags the IRS have found on the Biden crime family. 
Haitians are still waiting on the money the Clinton Foundation received to help Haiti recover from earthquake.",,,,,,,,,,"1649097361166155813","false","false",,,,,,,,,,"0","https://twitter.com/HillaryClinton/status/1649081234511806465","0","https://twitter.com/search?q=earthquake&src=typed_query&f=live","https://twitter.com/terrylshelton13/status/1649097361166155813",,,,,,,"none",,,"none",,"false","2019-03-20T15:17:58.000Z","false","Man","false","false","Circle","0","4704",,,"14",,"138","false","true","1108387209818923000","1108387209818923008","false","false",,"1","South Carolina ","166",,"10% to the Big Guy","14",,"F5F8FA",,,"false",,"http://pbs.twimg.com/profile_images/1179758507723300865/TBZVU5gB_normal.jpg","https://pbs.twimg.com/profile_images/1179758507723300865/TBZVU5gB_normal.jpg","C0DEED","DDEEF6","333333","true","false","false","terrylshelton13","7124",,"none",,,"false",,"1339835893","Hillary Clinton","https://twitter.com/HillaryClinton","HillaryClinton","821424486868254720","Onward Together","https://twitter.com/OnwardTogether","OnwardTogether",,,,,,,,,,,,,"4"
"1649084924396290050","2023-04-20T17:06:47.000Z","0","@HuuReviews @bluenyde1 Kinda feel like being underwater wouldn’t save you from the adverse effects of being a few yards away from  the epicenter of a Magnitude eleven earthquake. 
But Van and Burgess could have also done that so who knows.",,,,,,,,,,"1649097292530733057","false","false",,,,,,,,,,"0","https://twitter.com/HuuReviews/status/1649090090315182081","0","https://twitter.com/search?q=earthquake&src=typed_query&f=live","https://twitter.com/Hyst_eryk_al/status/1649097292530733057",,,,,,,"none",,,"none",,"false","2019-01-03T00:36:59.000Z","false","大丈夫だよ","false","false","Circle","0","12905",,,"68",,"174","false","true","1080624025993400300","1080624025993400320","false","false",,"1","","813",,"TheBHN","68",,"F5F8FA",,,"false","https://pbs.twimg.com/profile_banners/1080624025993400320/1634709025","http://pbs.twimg.com/profile_images/1450703224252497923/1bSZhWNE_normal.jpg","https://pbs.twimg.com/profile_images/1450703224252497923/1bSZhWNE_normal.jpg","C0DEED","DDEEF6","333333","true","false","false","Hyst_eryk_al","8129",,"none",,,"false",,"1486371691022491652","BlackHat","https://twitter.com/HuuReviews","HuuReviews","1299009212257886209","NAIDOU","https://twitter.com/bluenyde1","bluenyde1",,,,,,,,,,,,,"1"
"1649097200599810058","2023-04-20T17:06:26.000Z","0","Dear @elonmusk

This is wrong. 

This individual @BaranKk20 has been selflessly spending his own money and his teams’ time for earthquake relief and recovery in Turkey since Day 1. 

Please reinstate his account… https://t.co/EEg1d55VgF",,,,,,,,,,"1649097200599810058","false","false","https://pbs.twimg.com/media/FuLFKYLXwAo7MXV.jpg","photo",,,,,,,,"0",,"0","https://twitter.com/search?q=earthquake&src=typed_query&f=live","https://twitter.com/TopYuvarlakt/status/1649097200599810058",,,,,,,"none",,,"none",,"false","2022-01-01T03:20:50.000Z","false","Geçen seneydi o sene… Teşekkürler emeği geçenlere♥️💙","false","false","Circle","0","22870",,,"547",,"679","true","true","1477117517122445300","1477117517122445322","false","false",,"0","Turkey","723",,"Top Yuvarlaktır ¹⁹⁶⁷ 🏆8️⃣","547",,"F5F8FA",,,"false","https://pbs.twimg.com/profile_banners/1477117517122445322/1653803090","http://pbs.twimg.com/profile_images/1512484067610181634/AJzQdSUS_normal.jpg","https://pbs.twimg.com/profile_images/1512484067610181634/AJzQdSUS_normal.jpg","C0DEED","DDEEF6","333333","true","false","false","TopYuvarlakt","2896",,"none",,,"false",,"44196397","Elon Musk","https://twitter.com/elonmusk","elonmusk","1196149993121472517","Volkan OKÇU","https://twitter.com/BaranKk20","BaranKk20",,,,,,,,,,,,,"8"
"1649056358183096324","2023-04-20T17:06:16.000Z","0","@cetinkayakoc @elonmusk @BaranKk20 Dear @elonmusk: This is wrong. This individual @BaranKk20 has been selflessly spending his own money and his teams’ time for earthquake relief and recovery in Turkey since Day 1. Please reinstate his account.",,,,,,,,,,"1649097160267382795","false","false",,,,,,,,,,"0","https://twitter.com/cetinkayakoc/status/1649056358183096324","0","https://twitter.com/search?q=earthquake&src=typed_query&f=live","https://twitter.com/ekinoks1071/status/1649097160267382795",,,,,,,"promotable_user",,,"none",,"false","2018-01-19T21:04:28.000Z","false","Doğru haber..","false","false","Circle","0","21454",,,"1285",,"1786","false","true","954459565160058900","954459565160058881","false","false",,"1","","4995",,"🇹🇷ATMACA🇹🇷","1285",,"F5F8FA",,,"false","https://pbs.twimg.com/profile_banners/954459565160058881/1654934887","http://pbs.twimg.com/profile_images/1218502571452698624/Havkesqr_normal.jpg","https://pbs.twimg.com/profile_images/1218502571452698624/Havkesqr_normal.jpg","C0DEED","DDEEF6","333333","true","false","false","ekinoks1071","17186",,"none",,,"false",,"1127910304292134912","Çetin Kaya Koç","https://twitter.com/cetinkayakoc","cetinkayakoc","44196397","Elon Musk","https://twitter.com/elonmusk","elonmusk","1196149993121472517","Volkan OKÇU","https://twitter.com/BaranKk20","BaranKk20","44196397","Elon Musk","https://twitter.com/elonmusk","elonmusk","1196149993121472517","Volkan OKÇU","https://twitter.com/BaranKk20","BaranKk20","12"
"1648966099692552193","2023-04-20T17:06:04.000Z","0","@AR13LX @bonniedaynagma1 @amuse @Spriter99880 It is, tesla built a machine like that long time ago and now with progress and technology I wouldn't even be surprised if they can provoke typhoons, tsunamis, earthquake pour even volcanos...",,,,,,,,,,"1649097112318099477","false","false",,,,,,,,,,"0","https://twitter.com/AR13LX/status/1649096243992461312","0","https://twitter.com/search?q=earthquake&src=typed_query&f=live","https://twitter.com/Balbublo/status/1649097112318099477",,,,,,,"none",,,"none",,"false","2023-01-09T12:52:39.000Z","false","Frenchie. 35yo. Muslim et spoiler de réalité depuis le 11/09/2001.

Un spare à 3 tours c'est possible seulement au bowling...

Les mougeons sont des poids morts","false","false","Circle","0","10168",,,"53",,"269","false","true","1612432120361746400","1612432120361746440","false","false",,"3","","744",,"Bla blu blo","53",,"F5F8FA",,,"false","https://pbs.twimg.com/profile_banners/1612432120361746440/1674930965","http://pbs.twimg.com/profile_images/1612696694587629568/JDTbfYVt_normal.jpg","https://pbs.twimg.com/profile_images/1612696694587629568/JDTbfYVt_normal.jpg","C0DEED","DDEEF6","333333","true","false","false","Balbublo","7573",,"none",,,"false",,"1350457309772836866","AR!3LX","https://twitter.com/AR13LX","AR13LX","3323464744","Elite Shugar","https://twitter.com/bonniedaynagma1","bonniedaynagma1","4239551","@amuse","https://twitter.com/amuse","amuse","1128337957289697281","Spriter","https://twitter.com/Spriter99880","Spriter99880",,,,,"2"
"1649096946966212609","2023-04-20T17:05:25.000Z","1","ah yes an earthquake in about 2 months yall stay safe",,,,,,,,,,"1649096946966212609","false","false",,,,,,,,,,"0",,"0","https://twitter.com/search?q=earthquake&src=typed_query&f=live","https://twitter.com/doeunhoya/status/1649096946966212609",,,,,,,"none",,,"none",,"false","2017-01-08T08:48:36.000Z","false","main acc @megumifushguro / in PLAVE we trust 🐬🦙🦌🐺🐈‍⬛","false","false","Circle","0","16792",,,"152",,"252","false","true","818016544059854800","818016544059854849","false","false",,"1","Eunho,Yejun,Noah,Hamin,Bamby","941",,"hamin’s sprout 🌱","152",,"F5F8FA",,,"false","https://pbs.twimg.com/profile_banners/818016544059854849/1681457727","http://pbs.twimg.com/profile_images/1649091927172861952/xLEm_J27_normal.jpg","https://pbs.twimg.com/profile_images/1649091927172861952/xLEm_J27_normal.jpg","C0DEED","DDEEF6","333333","true","false","false","doeunhoya","4547",,"none",,,"false",,,,,,,,,,,,,,,,,,,,,,"3"
"1648841200500129792","2023-04-20T17:05:11.000Z","0","@benshapiro Anyone from the Pacific Northwest want to comment on how long California has been emptying out? I think I visited in the '90s and that was the conversation. I visited in 2003 2007 2013 Seattle area. Always lead story unless bird flu or earthquake",,,,,,,,,,"1649096887813783557","false","false",,,,,,,,,,"0","https://twitter.com/benshapiro/status/1648841200500129792","0","https://twitter.com/search?q=earthquake&src=typed_query&f=live","https://twitter.com/HerbieConasta/status/1649096887813783557",,,,,,,"none",,,"none",,"false","2021-07-16T14:51:38.000Z","false","small conversations about nothing with no one you know for reasons not understood,

counselor at Mafia camp","false","false","Circle","0","1055",,,"338",,"300","false","false","1416047832037986300","1416047832037986305","false","false",,"0","New Hampshire, USA","1785",,"Hugh Djaww","338",,"F5F8FA",,,"false","https://pbs.twimg.com/profile_banners/1416047832037986305/1680540912","http://pbs.twimg.com/profile_images/1642933200602251287/uDLvql_9_normal.jpg","https://pbs.twimg.com/profile_images/1642933200602251287/uDLvql_9_normal.jpg","C0DEED","DDEEF6","333333","true","false","false","HerbieConasta","6101",,"none","https://t.co/pySJ9p3lPs",,"false",,"17995040","Ben Shapiro","https://twitter.com/benshapiro","benshapiro",,,,,,,,,,,,,,,,,"8"
"1649096873628823555","2023-04-20T17:05:08.000Z","1","USGS reports a M1 earthquake, 35 km W of Salamatof, Alaska on 4/20/23 @ 17:02:52 UTChttps://t.co/R8e6nWzjBD#earthquake","earthquake",,,,,,,,,"1649096873628823555","false","false",,,,,,,,,,"0",,"0","https://twitter.com/search?q=earthquake&src=typed_query&f=live","https://twitter.com/everyEarthquake/status/1649096873628823555","earthquake.usgs.gov/earthquakes/ev…","https://earthquake.usgs.gov/earthquakes/eventpage/ak0235279339","https://t.co/R8e6nWzjBD",,,,"promotable_user",,,"none",,"false","2013-05-09T05:36:42.000Z","false","Tweeting every earthquake occurrence reported by USGS.  Built and maintained by David Barkman aka @cybler.","false","true","Circle","0","15",,,"31238",,"1","true","false","1414684496","1414684496","false","false",,"416","Earth","0",,"Every Earthquake","31238",,"131516","http://abs.twimg.com/images/themes/theme14/bg.gif","https://abs.twimg.com/images/themes/theme14/bg.gif","true","https://pbs.twimg.com/profile_banners/1414684496/1591942134","http://pbs.twimg.com/profile_images/1271322067451801603/jh5Aked-_normal.jpg","https://pbs.twimg.com/profile_images/1271322067451801603/jh5Aked-_normal.jpg","EEEEEE","EFEFEF","333333","true","false","false","everyEarthquake","806391",,"none","http://t.co/F96blurVzC",,"false",,,,,,,,,,,,,,,,,,,,,,"57"
"1649096741298356244","2023-04-20T17:04:36.000Z","1","Ukraine has joined the #EUCivilProtectionMechanism !

36 countries, 1 goal – to help those in need all around the globe. 

And one more milestone for 🇺🇦 and 🇪🇺 cooperation.

@eu_echo #HumanitarianAid #Earthquakes #flooding #refugees  https://t.co/eugnEGg7yS","EUCivilProtectionMechanism","HumanitarianAid","Earthquakes","flooding","refugees",,,,,"1649096741298356244","false","false",,,,,,,,,,"0",,"1","https://twitter.com/search?q=earthquake&src=typed_query&f=live","https://twitter.com/AlexWitzleben/status/1649096741298356244","eu.smh.re/0FZN","https://eu.smh.re/0FZN","https://t.co/eugnEGg7yS",,,,"promotable_user",,,"none",,"false","2011-02-17T16:21:04.000Z","false","Retired @EU_Commission PhD CAU Kiel #EUI #EconomicHistory  #EUinfluencer 2021 and 2022, second in #sustainability #ClimateActionNow #EUGreenDeal #FutureOfEurope","false","true","Circle","0","31903",,,"23146",,"19829","true","true","253615321","253615321","false","false",,"996","Brussels","286",,"Alexander von Witzleben","23146",,"000000","http://abs.twimg.com/images/themes/theme1/bg.png","https://abs.twimg.com/images/themes/theme1/bg.png","false","https://pbs.twimg.com/profile_banners/253615321/1515010739","http://pbs.twimg.com/profile_images/925795001996595203/o33gdmaY_normal.jpg","https://pbs.twimg.com/profile_images/925795001996595203/o33gdmaY_normal.jpg","000000","000000","000000","false","false","false","AlexWitzleben","121006",,"none","https://t.co/emNHNuBont",,"false",,"470099591","EU Civil Protection & Humanitarian Aid 🇪🇺","https://twitter.com/eu_echo","eu_echo",,,,,,,,,,,,,,,,,"40"
"1649096702496997377","2023-04-20T17:04:27.000Z","1","Drop, cover, and hold on!

Board member @AndrewEdtl joined the CSD Communications staff in participating in today's #greatshakeout. Wherever you are, it makes sense for everybody in Utah to be prepared for an earthquake. @UtahShakeOut 

#SafetyFirst #ShakeOut #WeAreCanyons https://t.co/PLCZqNQpfI","greatshakeout","SafetyFirst","ShakeOut","WeAreCanyons",,,,,,"1649096702496997377","false","false","https://pbs.twimg.com/media/FuLEXpCaAAETInc.jpg","photo",,"https://pbs.twimg.com/media/FuLEYIsaEAIPc8L.jpg","photo","https://pbs.twimg.com/media/FuLEYtiaMAAbs-w.jpg","photo","https://pbs.twimg.com/media/FuLEZTTacAIJ_cG.jpg","photo","0",,"0","https://twitter.com/search?q=earthquake&src=typed_query&f=live","https://twitter.com/canyonsdistrict/status/1649096702496997377",,,,,,,"promotable_user",,,"none",,"false","2009-04-16T06:13:44.000Z","false","Canyons District focuses on student achievement, college-and career-readiness, innovation, customer service, and community engagement.","false","false","Circle","0","5151",,,"5900",,"517","false","true","31669202","31669202","false","false",,"137","","4320",,"Canyons District","5900",,"C0DEED","http://abs.twimg.com/images/themes/theme1/bg.png","https://abs.twimg.com/images/themes/theme1/bg.png","false","https://pbs.twimg.com/profile_banners/31669202/1677288172","http://pbs.twimg.com/profile_images/1030182172987023360/A7KZVS8E_normal.jpg","https://pbs.twimg.com/profile_images/1030182172987023360/A7KZVS8E_normal.jpg","FFFFFF","DDEEF6","333333","true","false","false","canyonsdistrict","26180",,"none","https://t.co/3Ca8JPCXpi",,"false",,"366696105","Andrew Edtl","https://twitter.com/AndrewEdtl","AndrewEdtl","214155490","Great Utah ShakeOut","https://twitter.com/UtahShakeOut","UtahShakeOut",,,,,,,,,,,,,"21"
"1649096591297462286","2023-04-20T17:04:00.000Z","0","Evacuation Drill in Puerto Vallarta highlights importance of earthquake preparation
https://t.co/UuCfdJkScH 
#PuertoVallarta #thepvkid","PuertoVallarta","thepvkid",,,,,,,,"1649096591297462286","false","false",,,,,,,,,,"0",,"0","https://twitter.com/search?q=earthquake&src=typed_query&f=live","https://twitter.com/pvkid/status/1649096591297462286","buff.ly/3N3gOFt","https://buff.ly/3N3gOFt","https://t.co/UuCfdJkScH",,,,"promotable_user",,,"none",,"false","2008-04-22T19:32:45.000Z","false","Helping other people live the dream Renting Condos in Puerto Vallarta Mexico 
http://t.co/uW6PsfdjDA  
the  pvkid","false","false","Circle","0","5",,,"1162",,"572","false","false","14479171","14479171","false","false",,"28","Puerto Vallarta","3948",,"pvkid","1162",,"8A3B3D","http://abs.twimg.com/images/themes/theme10/bg.gif","https://abs.twimg.com/images/themes/theme10/bg.gif","false","https://pbs.twimg.com/profile_banners/14479171/1549816728","http://pbs.twimg.com/profile_images/378800000159425983/01582d8342be74e8a1cbd5fb3a44c2b0_normal.jpeg","https://pbs.twimg.com/profile_images/378800000159425983/01582d8342be74e8a1cbd5fb3a44c2b0_normal.jpeg","65B0DA","7AC3EE","3D1957","true","false","false","pvkid","30494",,"none","http://t.co/8XnLE30qry",,"false",,,,,,,,,,,,,,,,,,,,,,"9"
"1649096586775994370","2023-04-20T17:03:59.000Z","1","#Earthquake (#deprem) M2.3 strikes 29 km SW of #Ayvacık (#Turkey) 47 min ago. More info: https://t.co/7tDVgSKNOC","Earthquake","deprem","Ayvacık","Turkey",,,,,,"1649096586775994370","false","false",,,,,,,,,,"0",,"1","https://twitter.com/search?q=earthquake&src=typed_query&f=live","https://twitter.com/EMSC/status/1649096586775994370","emsc-csem.org/Earthquake/ear…","https://www.emsc-csem.org/Earthquake/earthquake.php?id=1252147","https://t.co/7tDVgSKNOC",,,,"promotable_user",,,"none",,"false","2014-04-17T12:27:48.000Z","false","EMSC provides rapid earthquake info. This account displays all recorded worldwide earthquakes. Significant earthquakes only on @LastQuake
Also: https://t.co/dzwCWKQCQu","false","false","Circle","0","2",,,"48644",,"4","false","false","2449645080","2449645080","false","false",,"722","Bruyères-Le-Chatel, France","0",,"AllQuakes - EMSC","48644",,"C0DEED","http://abs.twimg.com/images/themes/theme1/bg.png","https://abs.twimg.com/images/themes/theme1/bg.png","false","https://pbs.twimg.com/profile_banners/2449645080/1448463601","http://pbs.twimg.com/profile_images/669527063951482881/xz1X8uwO_normal.png","https://pbs.twimg.com/profile_images/669527063951482881/xz1X8uwO_normal.png","C0DEED","DDEEF6","333333","true","false","false","EMSC","452142",,"none","https://t.co/goORnDGkOk",,"false",,,,,,,,,,,,,,,,,,,,,,"172"
"1649096470006734848","2023-04-20T17:03:31.000Z","0","GovOps participated in the @UtahShakeOut with employees practicing ""Drop, Cover, and Hold On"" in their homes and offices because it's best to be prepared for an earthquake no matter where you are. #greatshakeout #Utah #ShakeOut https://t.co/dvG1Z1qQIU","greatshakeout","Utah","ShakeOut",,,,,,,"1649096470006734848","false","false","https://pbs.twimg.com/media/FuLEHxwaYAEzUAD.jpg","photo",,,,,,,,"0",,"0","https://twitter.com/search?q=earthquake&src=typed_query&f=live","https://twitter.com/UtahGovOps/status/1649096470006734848",,,,,,,"promotable_user",,,"none",,"false","2022-06-21T21:28:40.000Z","false","The goal of the Utah Department of Government Operations is to support and enable other Utah state agencies to fulfill their core missions.","false","false","Circle","0","1514",,,"158",,"79","true","false","1539358503168446500","1539358503168446465","false","false",,"3","Taylorsville, Utah","153",,"Utah Department of Government Operations","158",,"F5F8FA",,,"false","https://pbs.twimg.com/profile_banners/1539358503168446465/1675881015","http://pbs.twimg.com/profile_images/1539359757370150912/p_XJxH-0_normal.jpg","https://pbs.twimg.com/profile_images/1539359757370150912/p_XJxH-0_normal.jpg","C0DEED","DDEEF6","333333","true","false","false","UtahGovOps","824",,"none","https://t.co/WCr2Bqh923",,"false",,"214155490","Great Utah ShakeOut","https://twitter.com/UtahShakeOut","UtahShakeOut",,,,,,,,,,,,,,,,,"8"
"1649096311537385486","2023-04-20T17:02:54.000Z","0","Since the start of the pandemic, 1,158,684 Americans have died from #COVID19 (16.9% of all deaths worldwide). That is about the same as 17,825 Sylmar earthquakes which killed 65 people in 1971: https://t.co/Ap6BE4Uoi3","COVID19",,,,,,,,,"1649096311537385486","false","false",,,,,,,,,,"0",,"0","https://twitter.com/search?q=earthquake&src=typed_query&f=live","https://twitter.com/COVID_Scale/status/1649096311537385486","en.wikipedia.org/wiki/Sylmar_ea…","https://en.wikipedia.org/wiki/Sylmar_earthquake","https://t.co/Ap6BE4Uoi3",,,,"promotable_user",,,"none",,"false","2017-09-15T19:54:39.000Z","false","A bot designed to put the #COVID19 pandemic's effect on the United States into historical perspective. Stats from @Worldometers","false","false","Circle","0","6",,,"1336",,"4","false","false","908781126495305700","908781126495305728","false","false",,"11","Earth","13",,"COVID Scale","1336",,"000000","http://abs.twimg.com/images/themes/theme1/bg.png","https://abs.twimg.com/images/themes/theme1/bg.png","false","https://pbs.twimg.com/profile_banners/908781126495305728/1586530042","http://pbs.twimg.com/profile_images/1248457106346278913/azS5Dp5h_normal.jpg","https://pbs.twimg.com/profile_images/1248457106346278913/azS5Dp5h_normal.jpg","000000","000000","000000","false","false","false","COVID_Scale","52063",,"none",,,"false",,,,,,,,,,,,,,,,,,,,,,"11"
"1649087443264569345","2023-04-20T17:02:19.000Z","0","@WonderW97800751 That would suck during an earthquake",,,,,,,,,,"1649096164971786240","false","false",,,,,,,,,,"0","https://twitter.com/WonderW97800751/status/1649087443264569345","0","https://twitter.com/search?q=earthquake&src=typed_query&f=live","https://twitter.com/FarLlc54/status/1649096164971786240",,,,,,,"none",,,"none",,"false","2023-02-15T21:31:42.000Z","false","Happily Married for life. American made ol fart please please please!!!!! no DMs 🚫DMs attempt to DM without permission you will be blocked!!!!!!","false","false","Circle","0","34176",,,"142",,"147","false","true","1625971040978444300","1625971040978444288","false","false",,"0","USA","2609",,"Bob","142",,"F5F8FA",,,"false",,"http://pbs.twimg.com/profile_images/1625972042003611675/JGp7fQ9f_normal.jpg","https://pbs.twimg.com/profile_images/1625972042003611675/JGp7fQ9f_normal.jpg","C0DEED","DDEEF6","333333","true","false","false","FarLlc54","7181",,"none",,,"false",,"1282423740077309952","Woman of Wonder","https://twitter.com/WonderW97800751","WonderW97800751",,,,,,,,,,,,,,,,,"9"
"1649096101981749248","2023-04-20T17:02:04.000Z","0","18:02 Last UK Earthquake Wed, 19 Apr 2023 02:16:31 ; Location: SLATTADALE,HIGHLAND ; Lat/long: 57.680,-5.537 ;  Magnitude:  1.8",,,,,,,,,,"1649096101981749248","false","false",,,,,,,,,,"0",,"0","https://twitter.com/search?q=earthquake&src=typed_query&f=live","https://twitter.com/newquayweather/status/1649096101981749248",,,,,,,"none",,,"none",,"false","2010-09-06T13:19:18.000Z","false","","false","false","Circle","0","1",,,"179",,"13","false","false","187518091","187518091","false","false",,"13","Newquay, Cornwall. UK","23609",,"weatherman","179",,"C0DEED","http://abs.twimg.com/images/themes/theme1/bg.png","https://abs.twimg.com/images/themes/theme1/bg.png","false","https://pbs.twimg.com/profile_banners/187518091/1399200096","http://pbs.twimg.com/profile_images/959371506659807232/ELHEJAd6_normal.jpg","https://pbs.twimg.com/profile_images/959371506659807232/ELHEJAd6_normal.jpg","C0DEED","DDEEF6","333333","true","false","false","newquayweather","1251094",,"none","https://t.co/KfFXLGRWf3",,"false",,,,,,,,,,,,,,,,,,,,,,"7"
"1649056358183096324","2023-04-20T17:01:53.000Z","0","@cetinkayakoc @elonmusk @BaranKk20 Dear @elonmusk: This is wrong. This individual @BaranKk20 has been selflessly spending his own money and his teams’ time for earthquake relief and recovery in Turkey since Day 1. Please reinstate his account.",,,,,,,,,,"1649096055584342016","false","false",,,,,,,,,,"0","https://twitter.com/cetinkayakoc/status/1649056358183096324","0","https://twitter.com/search?q=earthquake&src=typed_query&f=live","https://twitter.com/akgnygt/status/1649096055584342016",,,,,,,"promotable_user",,,"none",,"false","2010-07-05T11:54:03.000Z","false","","false","false","Circle","0","27105",,,"2832",,"1415","true","true","163045095","163045095","false","false",,"4","İstanbul ","2022",,"biryigit","2832",,"000000","http://abs.twimg.com/images/themes/theme2/bg.gif","https://abs.twimg.com/images/themes/theme2/bg.gif","true","https://pbs.twimg.com/profile_banners/163045095/1620079815","http://pbs.twimg.com/profile_images/1617199034682195970/rA2BEdPU_normal.jpg","https://pbs.twimg.com/profile_images/1617199034682195970/rA2BEdPU_normal.jpg","FFFFFF","DAECF4","663B12","true","false","false","akgnygt","20556",,"regular",,,"false",,"1127910304292134912","Çetin Kaya Koç","https://twitter.com/cetinkayakoc","cetinkayakoc","44196397","Elon Musk","https://twitter.com/elonmusk","elonmusk","1196149993121472517","Volkan OKÇU","https://twitter.com/BaranKk20","BaranKk20","44196397","Elon Musk","https://twitter.com/elonmusk","elonmusk","1196149993121472517","Volkan OKÇU","https://twitter.com/BaranKk20","BaranKk20","19"
"1649095988525813760","2023-04-20T17:01:37.000Z","0","AA78exploded an island or two lay shattered by earthquake boiling mud  TOEFL110+ IELTS7.5+  GRE307+  GMAT780+  SAT178 5+  ACT35+ #ACT #ACT面授 保分微信worldyoyo78  https://t.co/X49WN5tlMj","ACT","ACT面授",,,,,,,,"1649095988525813760","false","false","https://pbs.twimg.com/ext_tw_video_thumb/1609222542740553728/pu/img/wiCBqhP1aNxykIdb.jpg","video","https://video.twimg.com/ext_tw_video/1609222542740553728/pu/vid/1278x720/xWhZSmpXtG-rIhpj.mp4?tag=12",,,,,,,"0",,"0","https://twitter.com/search?q=earthquake&src=typed_query&f=live","https://twitter.com/BachraouiMourad/status/1649095988525813760",,,,,,,"none",,,"none",,"false","2021-03-31T16:35:56.000Z","false","美国丨英国丨加拿大丨新加坡丨马来西亚本硕博保录取运作，背景优化
托福丨雅思丨朗思丨多邻国丨GRE丨GMAT丨SAT丨ACT丨PTE丨AP保分面授
保分微信♥：worldyoyo66","false","false","Circle","0","0",,,"1",,"37","false","false","1377298583267983400","1377298583267983360","false","false",,"0","American","2582",,"ACT面授I雅思I GREI GMATI 托福I SATIPTE保分老师yoyo","1",,"F5F8FA",,,"false","https://pbs.twimg.com/profile_banners/1377298583267983360/1680804326","http://pbs.twimg.com/profile_images/1644038588085186561/WbYU_T9r_normal.jpg","https://pbs.twimg.com/profile_images/1644038588085186561/WbYU_T9r_normal.jpg","C0DEED","DDEEF6","333333","true","false","false","BachraouiMourad","3471",,"none","https://t.co/l8D3u8lWMW",,"false",,,,,,,,,,,,,,,,,,,,,,"13"
"1649095984192864256","2023-04-20T17:01:36.000Z","1","Aktuelles Schumann-Update: April 20, 2023 at 07:01PM
--------------------
https://t.co/z5PX8TYmc4
--------------------
#schumannresonanz #schumannresonance #Sonnenwind #Erdbeben #vulkan #sonnensturm #blackout #earthquake  #vulcano

Unterstützung:
https://t.co/sQmRSrUrc2 https://t.co/o00x9gf8nU","schumannresonanz","schumannresonance","Sonnenwind","Erdbeben","vulkan","sonnensturm","blackout","earthquake","vulcano","1649095984192864256","false","false","https://pbs.twimg.com/media/FuLEDuvXwAQdpJB.jpg","photo",,,,,,,,"0",,"0","https://twitter.com/search?q=earthquake&src=typed_query&f=live","https://twitter.com/SchumannBotDE/status/1649095984192864256","herzschlag-der-erde.de","http://www.herzschlag-der-erde.de","https://t.co/z5PX8TYmc4","ko-fi.com/herzschlag_der…","http://ko-fi.com/herzschlag_der_erde","https://t.co/sQmRSrUrc2","promotable_user",,,"none",,"false","2020-09-24T11:41:01.000Z","false","Die Schumann-Frequenz, das Erdmagnetfeld und Aktivitäten der Sonne beeinflußen unser Leben und unser BEWUSSTSEIN hier auf der Erde.","false","false","Circle","0","46",,,"803",,"59","false","false","1309095431176102000","1309095431176101888","false","false",,"3","Planet Erde ","16901",,"Herzschlag der Erde, Schumann Frequenz","803",,"F5F8FA",,,"false","https://pbs.twimg.com/profile_banners/1309095431176101888/1661219737","http://pbs.twimg.com/profile_images/1320996026954641409/b7j8UsfG_normal.jpg","https://pbs.twimg.com/profile_images/1320996026954641409/b7j8UsfG_normal.jpg","C0DEED","DDEEF6","333333","true","false","false","SchumannBotDE","20579",,"none","https://t.co/CrRqDqZp4U",,"false",,,,,,,,,,,,,,,,,,,,,,"21"
"1649056358183096324","2023-04-20T17:01:32.000Z","0","@cetinkayakoc @elonmusk @BaranKk20 Dear @elonmusk: This is wrong. This individual @BaranKk20 has been selflessly spending his own money and his teams’ time for earthquake relief and recovery in Turkey since Day 1. Please reinstate his account.",,,,,,,,,,"1649095968984547329","false","false",,,,,,,,,,"0","https://twitter.com/cetinkayakoc/status/1649056358183096324","0","https://twitter.com/search?q=earthquake&src=typed_query&f=live","https://twitter.com/sadecebar10/status/1649095968984547329",,,,,,,"promotable_user",,,"none",,"false","2012-04-27T15:52:04.000Z","false","","false","false","Circle","0","73851",,,"3696",,"4910","true","false","564717118","564717118","false","false",,"0","İstanbul","1883",,"bar10","3696",,"C0DEED","http://abs.twimg.com/images/themes/theme1/bg.png","https://abs.twimg.com/images/themes/theme1/bg.png","false",,"http://pbs.twimg.com/profile_images/1086031937846870016/o0O8CvEx_normal.jpg","https://pbs.twimg.com/profile_images/1086031937846870016/o0O8CvEx_normal.jpg","C0DEED","DDEEF6","333333","true","false","false","sadecebar10","38421",,"none",,,"false",,"1127910304292134912","Çetin Kaya Koç","https://twitter.com/cetinkayakoc","cetinkayakoc","44196397","Elon Musk","https://twitter.com/elonmusk","elonmusk","1196149993121472517","Volkan OKÇU","https://twitter.com/BaranKk20","BaranKk20","44196397","Elon Musk","https://twitter.com/elonmusk","elonmusk","1196149993121472517","Volkan OKÇU","https://twitter.com/BaranKk20","BaranKk20","9"
"1649095954904104965","2023-04-20T17:01:29.000Z","0","Dear @elonmusk: This is wrong. This individual @BaranKk20 has been selflessly spending his own money and his teams’ time for earthquake relief and recovery in Turkey since Day 1. Please reinstate his account.",,,,,,,,,,"1649095954904104965","false","false",,,,,,,,,,"0",,"0","https://twitter.com/search?q=earthquake&src=typed_query&f=live","https://twitter.com/buelentdag/status/1649095954904104965",,,,,,,"promotable_user",,,"none",,"false","2012-03-16T01:27:34.000Z","false","","false","false","Circle","0","15242",,,"245",,"147","false","true","525919894","525919894","false","false",,"0","","52",,"Bülent Dağ","245",,"C0DEED","http://abs.twimg.com/images/themes/theme1/bg.png","https://abs.twimg.com/images/themes/theme1/bg.png","false","https://pbs.twimg.com/profile_banners/525919894/1490056122","http://pbs.twimg.com/profile_images/1547252613497999360/d07D5DMv_normal.jpg","https://pbs.twimg.com/profile_images/1547252613497999360/d07D5DMv_normal.jpg","C0DEED","DDEEF6","333333","true","false","false","buelentdag","6181",,"none",,,"false",,"44196397","Elon Musk","https://twitter.com/elonmusk","elonmusk","1196149993121472517","Volkan OKÇU","https://twitter.com/BaranKk20","BaranKk20",,,,,,,,,,,,,"7"
"1648889694833487872","2023-04-20T17:01:24.000Z","0","@CoyJandreau @ThorburnThomas2 #RestoreTheSndyerVerse","RestoreTheSndyerVerse",,,,,,,,,"1649095935945850914","false","false",,,,,,,,,,"0","https://twitter.com/CoyJandreau/status/1648889694833487872","0","https://twitter.com/search?q=earthquake&src=typed_query&f=live","https://twitter.com/10earthquakes/status/1649095935945850914",,,,,,,"promotable_user",,,"none",,"false","2021-08-14T22:48:02.000Z","false","Superhero fan mostly DC. Cat owner follow my Instagram. moha_mmed2941","false","false","Circle","0","54112",,,"948",,"1860","false","true","1426676984088760300","1426676984088760320","false","false",,"4","Amazigh 🇲🇦","3806",,"🇾🇪Mohammed🇵🇸","948",,"F5F8FA",,,"false","https://pbs.twimg.com/profile_banners/1426676984088760320/1671367162","http://pbs.twimg.com/profile_images/1631953061391335427/U8nOc-QW_normal.jpg","https://pbs.twimg.com/profile_images/1631953061391335427/U8nOc-QW_normal.jpg","C0DEED","DDEEF6","333333","true","false","false","10earthquakes","69521",,"none","https://t.co/cUAIG4IMYm",,"false",,"30037319","Coy Jandreau","https://twitter.com/CoyJandreau","CoyJandreau","1400230830971277318","Thomas Thorburn","https://twitter.com/ThorburnThomas2","ThorburnThomas2",,,,,,,,,,,,,"5"
"1649095919386738695","2023-04-20T17:01:20.000Z","3","#Earthquake M3.2 Philippines: 022 Km N 81° E of General Luna (Surigao Del Norte) 20 Apr 16:43 UTC - report/info: 
https://t.co/BCgHt7Ox54","Earthquake",,,,,,,,,"1649095919386738695","false","false",,,,,,,,,,"0",,"2","https://twitter.com/search?q=earthquake&src=typed_query&f=live","https://twitter.com/EQAlerts/status/1649095919386738695","volcanodiscovery.com/app/earthquake…","https://www.volcanodiscovery.com/app/earthquakes/quake-info/7556369/mag3quake-Apr-20-2023-Philippines-022-km-N-81-E-of-General-Luna-Surigao-Del-Norte.html","https://t.co/BCgHt7Ox54",,,,"none",,,"none",,"false","2016-12-15T23:15:20.000Z","false","Earthquakes alerts in near-real time worldwide (from M 3.2)  Website: https://t.co/MLowsUoZya Android: https://t.co/jJPJGn7OsS Facebook: https://t.co/GjHoAF5ZRW","false","false","Circle","0","5",,,"43113",,"43","false","true","809537352909656000","809537352909656064","false","false",,"364","","9",,"Earthquake Monitor","43113",,"000000","http://abs.twimg.com/images/themes/theme1/bg.png","https://abs.twimg.com/images/themes/theme1/bg.png","false","https://pbs.twimg.com/profile_banners/809537352909656064/1481848195","http://pbs.twimg.com/profile_images/809538874351423489/5q0TodJO_normal.jpg","https://pbs.twimg.com/profile_images/809538874351423489/5q0TodJO_normal.jpg","000000","000000","000000","false","false","false","EQAlerts","178097",,"none","https://t.co/x8ZUHjZA1h",,"false",,,,,,,,,,,,,,,,,,,,,,"172"
"1649095915070947329","2023-04-20T17:01:19.000Z","3","#Earthquake M3.3 Philippines: 088 Km N 69° W of Itbayat (Batanes) 20 Apr 16:50 UTC - report/info: 
https://t.co/qzoBD3Xj57","Earthquake",,,,,,,,,"1649095915070947329","false","false",,,,,,,,,,"0",,"2","https://twitter.com/search?q=earthquake&src=typed_query&f=live","https://twitter.com/EQAlerts/status/1649095915070947329","volcanodiscovery.com/app/earthquake…","https://www.volcanodiscovery.com/app/earthquakes/quake-info/7556368/mag3quake-Apr-20-2023-Philippines-088-km-N-69-W-of-Itbayat-Batanes.html","https://t.co/qzoBD3Xj57",,,,"none",,,"none",,"false","2016-12-15T23:15:20.000Z","false","Earthquakes alerts in near-real time worldwide (from M 3.2)  Website: https://t.co/MLowsUoZya Android: https://t.co/jJPJGn7OsS Facebook: https://t.co/GjHoAF5ZRW","false","false","Circle","0","5",,,"43113",,"43","false","true","809537352909656000","809537352909656064","false","false",,"364","","9",,"Earthquake Monitor","43113",,"000000","http://abs.twimg.com/images/themes/theme1/bg.png","https://abs.twimg.com/images/themes/theme1/bg.png","false","https://pbs.twimg.com/profile_banners/809537352909656064/1481848195","http://pbs.twimg.com/profile_images/809538874351423489/5q0TodJO_normal.jpg","https://pbs.twimg.com/profile_images/809538874351423489/5q0TodJO_normal.jpg","000000","000000","000000","false","false","false","EQAlerts","178097",,"none","https://t.co/x8ZUHjZA1h",,"false",,,,,,,,,,,,,,,,,,,,,,"162"
"1649095901921841152","2023-04-20T17:01:17.000Z","0","One was an earthquake happening and the apartment collapsed in front of me, second one was a murdering happening, and third a zombie apocalypse happening",,,,,,,,,,"1649095905583443970","false","false",,,,,,,,,,"0","https://twitter.com/sungai_klang/status/1649095901921841152","0","https://twitter.com/search?q=earthquake&src=typed_query&f=live","https://twitter.com/sungai_klang/status/1649095905583443970",,,,,,,"none",,,"none",,"false","2016-07-28T08:51:07.000Z","false","âme morte. / the world ends with you.","false","false","Circle","0","24435",,,"261",,"722","true","true","758585564287279100","758585564287279104","false","false",,"0","Klang, Selangor","656",,"Iman Khalis","261",,"F5F8FA",,,"false","https://pbs.twimg.com/profile_banners/758585564287279104/1681131772","http://pbs.twimg.com/profile_images/1638134335718178821/hpqCHWAL_normal.jpg","https://pbs.twimg.com/profile_images/1638134335718178821/hpqCHWAL_normal.jpg","C0DEED","DDEEF6","333333","true","false","false","sungai_klang","25405",,"none",,,"false",,,,,,,,,,,,,,,,,,,,,,"12"
"1649095871202574355","2023-04-20T17:01:09.000Z","0","【M3.3】TAIWAN REGION Depth 33km Apr 20, 2023 16:50:49 UTC (G)https://t.co/76wN3REI02 (EMSC)https://t.co/lhWB1DJkON",,,,,,,,,,"1649095871202574355","false","false",,,,,,,,,,"0",,"0","https://twitter.com/search?q=earthquake&src=typed_query&f=live","https://twitter.com/eq_map_ww2/status/1649095871202574355","bit.ly/3MVEcoo","https://bit.ly/3MVEcoo","https://t.co/76wN3REI02","bit.ly/3N1jZh4","https://bit.ly/3N1jZh4","https://t.co/lhWB1DJkON","none",,,"none",,"false","2013-02-03T10:00:12.000Z","false","Earthquakes Magnitude 3.0+ in the World.　| Magnitude | Region | Depth | UTC | Google Maps URL | EMSC URL |","false","false","Circle","0","0",,,"2183",,"0","true","false","1144740888","1144740888","false","false",,"98","","0",,"Earthquake Map","2183",,"C0DEED","http://abs.twimg.com/images/themes/theme1/bg.png","https://abs.twimg.com/images/themes/theme1/bg.png","false",,"http://pbs.twimg.com/profile_images/378800000778473768/4e152ec8dab597369f5128d18a1454ca_normal.png","https://pbs.twimg.com/profile_images/378800000778473768/4e152ec8dab597369f5128d18a1454ca_normal.png","C0DEED","DDEEF6","333333","true","false","false","eq_map_ww2","222930",,"none",,,"false",,,,,,,,,,,,,,,,,,,,,,"10"
"1649095849488662555","2023-04-20T17:01:03.000Z","0","Recently, Michelangelo’s Madonna della Pietà was relocated to avoid vibrations from underground trains. The #MiyamotoHeritage Team developed innovative solutions so the statue could stay in its original location and remain safe from traffic-induced vibrations and earthquakes. https://t.co/7DelVnIivR","MiyamotoHeritage",,,,,,,,,"1649095849488662555","false","false","https://pbs.twimg.com/media/FuLD7LuXwA4kE01.jpg","photo",,"https://pbs.twimg.com/media/FuLD7gKXwAMh7HY.jpg","photo","https://pbs.twimg.com/media/FuLD71XXwBc9MwQ.jpg","photo",,,"0",,"0","https://twitter.com/search?q=earthquake&src=typed_query&f=live","https://twitter.com/miyamotointl/status/1649095849488662555",,,,,,,"promotable_user",,,"none",,"false","2009-04-07T17:49:34.000Z","false","Global structural engineering and disaster risk reduction firm providing resiliency expertise that sustains industries and safeguards communities worldwide.","false","false","Circle","0","552",,,"4749",,"1110","true","false","29500099","29500099","false","false",,"38","20+ locations worldwide","962",,"Miyamoto International","4749",,"308DBF","http://abs.twimg.com/images/themes/theme14/bg.gif","https://abs.twimg.com/images/themes/theme14/bg.gif","false","https://pbs.twimg.com/profile_banners/29500099/1602866121","http://pbs.twimg.com/profile_images/1541798883969359876/czJ9bIJj_normal.jpg","https://pbs.twimg.com/profile_images/1541798883969359876/czJ9bIJj_normal.jpg","FFFFFF","EFEFEF","333333","true","false","false","miyamotointl","3200",,"regular","https://t.co/NppVqBocPR",,"false",,,,,,,,,,,,,,,,,,,,,,"55"
"1649095767754260488","2023-04-20T17:00:44.000Z","1","#Earthquake (#地震) M3.3 strikes 108 km S of #Hengchun (#Taiwan) 10 min ago. More info: https://t.co/q4B2mjumQn","Earthquake","地震","Hengchun","Taiwan",,,,,,"1649095767754260488","false","false",,,,,,,,,,"0",,"1","https://twitter.com/search?q=earthquake&src=typed_query&f=live","https://twitter.com/EMSC/status/1649095767754260488","emsc-csem.org/Earthquake/ear…","https://www.emsc-csem.org/Earthquake/earthquake.php?id=1252157","https://t.co/q4B2mjumQn",,,,"promotable_user",,,"none",,"false","2014-04-17T12:27:48.000Z","false","EMSC provides rapid earthquake info. This account displays all recorded worldwide earthquakes. Significant earthquakes only on @LastQuake
Also: https://t.co/dzwCWKQCQu","false","false","Circle","0","2",,,"48644",,"4","false","false","2449645080","2449645080","false","false",,"722","Bruyères-Le-Chatel, France","0",,"AllQuakes - EMSC","48644",,"C0DEED","http://abs.twimg.com/images/themes/theme1/bg.png","https://abs.twimg.com/images/themes/theme1/bg.png","false","https://pbs.twimg.com/profile_banners/2449645080/1448463601","http://pbs.twimg.com/profile_images/669527063951482881/xz1X8uwO_normal.png","https://pbs.twimg.com/profile_images/669527063951482881/xz1X8uwO_normal.png","C0DEED","DDEEF6","333333","true","false","false","EMSC","452142",,"none","https://t.co/goORnDGkOk",,"false",,,,,,,,,,,,,,,,,,,,,,"260"
"1649056358183096324","2023-04-20T17:00:40.000Z","0","@cetinkayakoc @elonmusk @BaranKk20 Dear @elonmusk: This is wrong. This individual @BaranKk20 has been selflessly spending his own money and his teams’ time for earthquake relief and recovery in Turkey since Day 1. Please reinstate his account.Urgent!!",,,,,,,,,,"1649095753070178305","false","false",,,,,,,,,,"0","https://twitter.com/cetinkayakoc/status/1649056358183096324","0","https://twitter.com/search?q=earthquake&src=typed_query&f=live","https://twitter.com/Sefaaksu_/status/1649095753070178305",,,,,,,"none",,,"none",,"false","2021-06-03T18:44:51.000Z","false","Araştırmacı,sporcu,şaiir,hayvan dostu,iş adamı PARTİ ÜYELİĞİ OLMAYAN ERDOĞAN SEVER MÜSLÜMAN BİR TÜRK GENCİ..!","false","false","Circle","0","18904",,,"2297",,"2524","true","false","1400523825230532600","1400523825230532614","false","false",,"0","","51",,"🇹🇷~SEFA~🇹🇷","2297",,"F5F8FA",,,"false","https://pbs.twimg.com/profile_banners/1400523825230532614/1669378329","http://pbs.twimg.com/profile_images/1623801375627833349/nFTcfKLk_normal.jpg","https://pbs.twimg.com/profile_images/1623801375627833349/nFTcfKLk_normal.jpg","C0DEED","DDEEF6","333333","true","false","false","Sefaaksu_","2819",,"none",,,"false",,"1127910304292134912","Çetin Kaya Koç","https://twitter.com/cetinkayakoc","cetinkayakoc","44196397","Elon Musk","https://twitter.com/elonmusk","elonmusk","1196149993121472517","Volkan OKÇU","https://twitter.com/BaranKk20","BaranKk20","44196397","Elon Musk","https://twitter.com/elonmusk","elonmusk","1196149993121472517","Volkan OKÇU","https://twitter.com/BaranKk20","BaranKk20","9"
"1649095725467287553","2023-04-20T17:00:34.000Z","0","Dear @elonmusk: This is wrong. This individual @BaranKk20 has been selflessly spending his own money and his teams’ time for earthquake relief and recovery in Turkey since Day 1. Please reinstate his account.",,,,,,,,,,"1649095725467287553","false","false",,,,,,,,,,"0",,"0","https://twitter.com/search?q=earthquake&src=typed_query&f=live","https://twitter.com/sosyalpsklg_fth/status/1649095725467287553",,,,,,,"none",,,"none",,"false","2010-11-29T09:35:58.000Z","false","psikolog. Ayrıca sosyoloji öğrencisi. AFAD gönüllüsü. İlgi alanları hayata ve insana dair herşey. özde iyi birisidir.","false","false","Circle","0","13724",,,"184",,"1354","false","true","220949951","220949951","false","false",,"0","","28",,"sosyalpsklg","184",,"C0DEED","http://abs.twimg.com/images/themes/theme1/bg.png","https://abs.twimg.com/images/themes/theme1/bg.png","false",,"http://pbs.twimg.com/profile_images/1392911066066300932/sfwYJMzG_normal.jpg","https://pbs.twimg.com/profile_images/1392911066066300932/sfwYJMzG_normal.jpg","C0DEED","DDEEF6","333333","true","false","false","sosyalpsklg_fth","9524",,"none",,,"false",,"44196397","Elon Musk","https://twitter.com/elonmusk","elonmusk","1196149993121472517","Volkan OKÇU","https://twitter.com/BaranKk20","BaranKk20",,,,,,,,,,,,,"11"
"1649095614834130944","2023-04-20T17:00:07.000Z","1","USGS reports a M0.41 earthquake, 3km WNW of The Geysers, CA on 4/20/23 @ 7:39:56 UTChttps://t.co/RjKadt737R#earthquake","earthquake",,,,,,,,,"1649095614834130944","false","false",,,,,,,,,,"0",,"1","https://twitter.com/search?q=earthquake&src=typed_query&f=live","https://twitter.com/everyEarthquake/status/1649095614834130944","earthquake.usgs.gov/earthquakes/ev…","https://earthquake.usgs.gov/earthquakes/eventpage/nc73875780","https://t.co/RjKadt737R",,,,"promotable_user",,,"none",,"false","2013-05-09T05:36:42.000Z","false","Tweeting every earthquake occurrence reported by USGS.  Built and maintained by David Barkman aka @cybler.","false","true","Circle","0","15",,,"31238",,"1","true","false","1414684496","1414684496","false","false",,"416","Earth","0",,"Every Earthquake","31238",,"131516","http://abs.twimg.com/images/themes/theme14/bg.gif","https://abs.twimg.com/images/themes/theme14/bg.gif","true","https://pbs.twimg.com/profile_banners/1414684496/1591942134","http://pbs.twimg.com/profile_images/1271322067451801603/jh5Aked-_normal.jpg","https://pbs.twimg.com/profile_images/1271322067451801603/jh5Aked-_normal.jpg","EEEEEE","EFEFEF","333333","true","false","false","everyEarthquake","806391",,"none","http://t.co/F96blurVzC",,"false",,,,,,,,,,,,,,,,,,,,,,"80"
"1649095604415471616","2023-04-20T17:00:05.000Z","0","Dear @elonmusk: This is wrong. This individual @BaranKk20 has been selflessly spending his own money and his teams’ time for earthquake relief and recovery in Turkey since Day 1. Please reinstate his account.",,,,,,,,,,"1649095604415471616","false","false",,,,,,,,,,"0",,"0","https://twitter.com/search?q=earthquake&src=typed_query&f=live","https://twitter.com/lgnrpg277/status/1649095604415471616",,,,,,,"promotable_user",,,"none",,"false","2017-07-23T05:02:10.000Z","false","Vatan, Uğrunda Ölen Varsa Vatandır...","false","false","Circle","0","12217",,,"131",,"471","false","false","888987580318048300","888987580318048256","false","false",,"2","","84",,"lgnrpg27","131",,"F5F8FA",,,"false","https://pbs.twimg.com/profile_banners/888987580318048256/1590410320","http://pbs.twimg.com/profile_images/1259134176047046657/daJF8SsU_normal.jpg","https://pbs.twimg.com/profile_images/1259134176047046657/daJF8SsU_normal.jpg","C0DEED","DDEEF6","333333","true","false","false","lgnrpg277","8504",,"none",,,"false",,"44196397","Elon Musk","https://twitter.com/elonmusk","elonmusk","1196149993121472517","Volkan OKÇU","https://twitter.com/BaranKk20","BaranKk20",,,,,,,,,,,,,"8"
"1649095603593547776","2023-04-20T17:00:05.000Z","0","Dear @elonmusk: This is wrong. This individual @BaranKk20 has been selflessly spending his own money and his teams’ time for earthquake relief and recovery in Turkey since Day 1. Please reinstate his account.

Benim hesabımı da askıya almazsanız adam değilsiniz!!! https://t.co/A9qQWV43gE",,,,,,,,,,"1649095603593547776","false","false","https://pbs.twimg.com/media/FuLDtj_XwBY96NK.jpg","photo",,,,,,,,"0",,"0","https://twitter.com/search?q=earthquake&src=typed_query&f=live","https://twitter.com/besyolu_27/status/1649095603593547776",,,,,,,"promotable_user",,,"none",,"false","2019-09-05T17:30:59.000Z","false","🔴⚫GAZİANTEP FK. 🔴⚫","false","false","Circle","0","1010",,,"3833",,"3816","false","false","1169664193324298200","1169664193324298240","false","false",,"0","","108",,"🇹🇷🏆S P O R C U🏆🇹🇷","3833",,"F5F8FA",,,"false","https://pbs.twimg.com/profile_banners/1169664193324298240/1567707539","http://pbs.twimg.com/profile_images/1629343366688260097/LotThRlQ_normal.jpg","https://pbs.twimg.com/profile_images/1629343366688260097/LotThRlQ_normal.jpg","C0DEED","DDEEF6","333333","true","false","false","besyolu_27","863",,"none",,,"false",,"44196397","Elon Musk","https://twitter.com/elonmusk","elonmusk","1196149993121472517","Volkan OKÇU","https://twitter.com/BaranKk20","BaranKk20",,,,,,,,,,,,,"20"
"1649095588481478656","2023-04-20T17:00:01.000Z","4","20 April 1608 12:00 UT
M7.6 #earthquake at Alborz belt, hit Alamut and Taliqan, on the Qazvin-Gilan border, Northern Iran. Landslides buried five villages, killing 3,000 people. Seiches in the Caspian Sea. Also felt in Azerbaijan.
https://t.co/WCkq8WbOb2
https://t.co/vQ2HI9sdCu https://t.co/ZqoPyah9Fj","earthquake",,,,,,,,,"1649095588481478656","false","false","https://pbs.twimg.com/media/FuLDMnRXwAIkFzL.jpg","photo",,"https://pbs.twimg.com/media/FuLDMnQXwAA6IB5.jpg","photo","https://pbs.twimg.com/media/FuLDMnOXwA0_D39.jpg","photo",,,"0",,"0","https://twitter.com/search?q=earthquake&src=typed_query&f=live","https://twitter.com/JoseRodRibeiro/status/1649095588481478656","doi.org/10.1111/j.1365…","https://doi.org/10.1111/j.1365-246X.2010.04705.x","https://t.co/WCkq8WbOb2","books.google.pt/books/about/A_…","https://books.google.pt/books/about/A_History_of_Persian_Earthquakes.html?id=1JkfKub5vakC&redir_esc=y","https://t.co/vQ2HI9sdCu","promotable_user",,,"none",,"false","2015-06-16T18:17:57.000Z","false","Proud husband and father. High school teacher (Chemistry-Physics). Variable star observer @AAVSO. Auroras. Researcher in Historical Seismology @SeismoSocietyAm.","false","false","Circle","0","19502",,,"9183",,"2177","true","true","3330003107","3330003107","false","false",,"26","Esposende, Portugal","3789",,"José R. Ribeiro","9183",,"000000","http://abs.twimg.com/images/themes/theme1/bg.png","https://abs.twimg.com/images/themes/theme1/bg.png","false","https://pbs.twimg.com/profile_banners/3330003107/1624632415","http://pbs.twimg.com/profile_images/901748546684276736/72d9mVTa_normal.jpg","https://pbs.twimg.com/profile_images/901748546684276736/72d9mVTa_normal.jpg","000000","000000","000000","false","false","false","JoseRodRibeiro","15021",,"none",,,"false",,,,,,,,,,,,,,,,,,,,,,"90"
"1649095464002945025","2023-04-20T16:59:31.000Z","0","Earthquake se school ki building gir kar vacation milne ka sapna sapna hi reh gaya.",,,,,,,,,,"1649095464002945025","false","false",,,,,,,,,,"0",,"0","https://twitter.com/search?q=earthquake&src=typed_query&f=live","https://twitter.com/lmaosapien/status/1649095464002945025",,,,,,,"promotable_user",,,"none",,"false","2021-12-12T15:04:33.000Z","false","zindagi gulzar hai.","false","false","Circle","0","8644",,,"30",,"175","false","true","1470046855836758000","1470046855836758023","false","false",,"0","Muzaffarpur | Dehradun","28",,"asad.","30",,"F5F8FA",,,"false","https://pbs.twimg.com/profile_banners/1470046855836758023/1681041001","http://pbs.twimg.com/profile_images/1644070939301404673/RkFSlD7-_normal.jpg","https://pbs.twimg.com/profile_images/1644070939301404673/RkFSlD7-_normal.jpg","C0DEED","DDEEF6","333333","true","false","false","lmaosapien","985",,"none",,,"false",,,,,,,,,,,,,,,,,,,,,,"5"
"1649095459904929809","2023-04-20T16:59:31.000Z","0","ضمن حملة أيقظ أملاً قامت فرقنا الميدانية بتوزيع سلل الخضار على المتضررين من الزالزال في شمال غرب سوريا
As part of the Revive Hope campaign, our field teams distributed baskets of vegetables to those affected by the earthquake in northwestern Syria. https://t.co/rUwdD1tyg5",,,,,,,,,,"1649095459904929809","false","false","https://pbs.twimg.com/media/FuLDjHnWwAAYtj5.jpg","photo",,"https://pbs.twimg.com/media/FuLDj1VXwCcPTkK.jpg","photo","https://pbs.twimg.com/media/FuLDkXoXwBEEuWC.jpg","photo","https://pbs.twimg.com/media/FuLDlKeXwAwvkf6.jpg","photo","0",,"0","https://twitter.com/search?q=earthquake&src=typed_query&f=live","https://twitter.com/NasaemKhairOrg/status/1649095459904929809",,,,,,,"none",,,"none",,"false","2015-05-25T10:57:55.000Z","false","للإغاثة والتنمية والتعليم","false","false","Circle","0","1",,,"332",,"0","false","false","3297631221","3297631221","false","false",,"1","","1027",,"منظمة نسائم خير","332",,"C0DEED","http://abs.twimg.com/images/themes/theme1/bg.png","https://abs.twimg.com/images/themes/theme1/bg.png","false","https://pbs.twimg.com/profile_banners/3297631221/1680036284","http://pbs.twimg.com/profile_images/1640235998998155264/ZZfG9dJI_normal.jpg","https://pbs.twimg.com/profile_images/1640235998998155264/ZZfG9dJI_normal.jpg","C0DEED","DDEEF6","333333","true","false","false","NasaemKhairOrg","1029",,"none",,,"false",,,,,,,,,,,,,,,,,,,,,,"9"
"1649094925819187200","2023-04-20T16:59:06.000Z","1","For a massive earthquake to strike any time now. I predict a magnitude 7.0 + to strike Washington/ Oregon state very soon. Take shelter and prepare now ! #earthquake #earthquakeoregon #earthquakewatch #deprem https://t.co/6rpft4Xnsy","earthquake","earthquakeoregon","earthquakewatch","deprem",,,,,,"1649095357391945744","false","false","https://pbs.twimg.com/media/FuLDfFzX0AAv9L2.jpg","photo",,"https://pbs.twimg.com/media/FuLDfFXXwBkmlLg.jpg","photo",,,,,"0","https://twitter.com/zLexHackz/status/1649094925819187200","0","https://twitter.com/search?q=earthquake&src=typed_query&f=live","https://twitter.com/zLexHackz/status/1649095357391945744",,,,,,,"promotable_user",,,"none",,"false","2015-01-28T12:09:30.000Z","false","🚨Warning and preparing people for potential seismic disruptions and earthquakes. MUST follow to be prepared 🚨 #earthquakewatch","false","false","Circle","0","7669",,,"509",,"500","false","true","3003029235","3003029235","false","false",,"3","","11",,"EQWATCH","509",,"C0DEED","http://abs.twimg.com/images/themes/theme1/bg.png","https://abs.twimg.com/images/themes/theme1/bg.png","false","https://pbs.twimg.com/profile_banners/3003029235/1677121364","http://pbs.twimg.com/profile_images/1628590057366904833/LT9bMawk_normal.jpg","https://pbs.twimg.com/profile_images/1628590057366904833/LT9bMawk_normal.jpg","C0DEED","DDEEF6","333333","true","false","false","zLexHackz","631",,"none",,,"false",,,,,,,,,,,,,,,,,,,,,,"34"
