"conversation_id","created_at","favorite_count","full_text","hashtags/0","hashtags/1","hashtags/2","hashtags/3","hashtags/4","hashtags/5","hashtags/6","hashtags/7","hashtags/8","hashtags/9","hashtags/10","hashtags/11","id","is_quote_tweet","is_retweet","media/0/gif_url","media/0/media_url","media/0/type","media/0/video_url","media/1/media_url","media/1/type","media/1/video_url","media/2/media_url","media/2/type","media/2/video_url","media/3/media_url","media/3/type","media/3/video_url","quoted_tweet/#sort_index","quoted_tweet/conversation_id","quoted_tweet/created_at","quoted_tweet/favorite_count","quoted_tweet/full_text","quoted_tweet/id","quoted_tweet/is_quote_tweet","quoted_tweet/is_retweet","quoted_tweet/media/0/gif_url","quoted_tweet/media/0/media_url","quoted_tweet/media/0/type","quoted_tweet/media/0/video_url","quoted_tweet/media/1/media_url","quoted_tweet/media/1/type","quoted_tweet/media/1/video_url","quoted_tweet/media/2/media_url","quoted_tweet/media/2/type","quoted_tweet/media/2/video_url","quoted_tweet/media/3/media_url","quoted_tweet/media/3/type","quoted_tweet/media/3/video_url","quoted_tweet/reply_count","quoted_tweet/replying_to_tweet","quoted_tweet/retweet_count","quoted_tweet/url","quoted_tweet/urls/0/display_url","quoted_tweet/urls/0/expanded_url","quoted_tweet/urls/0/url","quoted_tweet/user_mentions/0/id_str","quoted_tweet/user_mentions/0/name","quoted_tweet/user_mentions/0/profile","quoted_tweet/user_mentions/0/screen_name","quoted_tweet/user_mentions/1/id_str","quoted_tweet/user_mentions/1/name","quoted_tweet/user_mentions/1/profile","quoted_tweet/user_mentions/1/screen_name","quoted_tweet/user_mentions/2/id_str","quoted_tweet/user_mentions/2/name","quoted_tweet/user_mentions/2/profile","quoted_tweet/user_mentions/2/screen_name","quoted_tweet/user_mentions/3/id_str","quoted_tweet/user_mentions/3/name","quoted_tweet/user_mentions/3/profile","quoted_tweet/user_mentions/3/screen_name","quoted_tweet/user_mentions/4/id_str","quoted_tweet/user_mentions/4/name","quoted_tweet/user_mentions/4/profile","quoted_tweet/user_mentions/4/screen_name","quoted_tweet/user_mentions/5/id_str","quoted_tweet/user_mentions/5/name","quoted_tweet/user_mentions/5/profile","quoted_tweet/user_mentions/5/screen_name","quoted_tweet/user_mentions/6/id_str","quoted_tweet/user_mentions/6/name","quoted_tweet/user_mentions/6/profile","quoted_tweet/user_mentions/6/screen_name","quoted_tweet/user_mentions/7/id_str","quoted_tweet/user_mentions/7/name","quoted_tweet/user_mentions/7/profile","quoted_tweet/user_mentions/7/screen_name","quoted_tweet/user_mentions/8/id_str","quoted_tweet/user_mentions/8/name","quoted_tweet/user_mentions/8/profile","quoted_tweet/user_mentions/8/screen_name","quoted_tweet/user_mentions/9/id_str","quoted_tweet/user_mentions/9/name","quoted_tweet/user_mentions/9/profile","quoted_tweet/user_mentions/9/screen_name","quoted_tweet/user_mentions/10/id_str","quoted_tweet/user_mentions/10/name","quoted_tweet/user_mentions/10/profile","quoted_tweet/user_mentions/10/screen_name","quoted_tweet/view_count","reply_count","replying_to_tweet","retweet_count","startUrl","url","urls/0/display_url","urls/0/expanded_url","urls/0/url","urls/1/display_url","urls/1/expanded_url","urls/1/url","urls/2/display_url","urls/2/expanded_url","urls/2/url","user_mentions/0/id_str","user_mentions/0/name","user_mentions/0/profile","user_mentions/0/screen_name","user_mentions/1/id_str","user_mentions/1/name","user_mentions/1/profile","user_mentions/1/screen_name","user_mentions/2/id_str","user_mentions/2/name","user_mentions/2/profile","user_mentions/2/screen_name","user_mentions/3/id_str","user_mentions/3/name","user_mentions/3/profile","user_mentions/3/screen_name","user_mentions/4/id_str","user_mentions/4/name","user_mentions/4/profile","user_mentions/4/screen_name","user_mentions/5/id_str","user_mentions/5/name","user_mentions/5/profile","user_mentions/5/screen_name","user_mentions/6/id_str","user_mentions/6/name","user_mentions/6/profile","user_mentions/6/screen_name","user_mentions/7/id_str","user_mentions/7/name","user_mentions/7/profile","user_mentions/7/screen_name","user_mentions/8/id_str","user_mentions/8/name","user_mentions/8/profile","user_mentions/8/screen_name","user_mentions/9/id_str","user_mentions/9/name","user_mentions/9/profile","user_mentions/9/screen_name","user_mentions/10/id_str","user_mentions/10/name","user_mentions/10/profile","user_mentions/10/screen_name","view_count"
"1649154987325358080","2023-04-20T20:56:03.000Z","0","Welp just had our first earthquake 🤣🤣🤣🤣🤣 and it actually scared me when my screen started shaking lmfao https://t.co/w9lWRzw0hc",,,,,,,,,,,,,"1649154987325358080","false","false",,"https://pbs.twimg.com/media/FuL5sceX0AIxLQx.jpg","photo",,,,,,,,,,,,,,,,,,,,,,,,,,,,,,,,,,,,,,,,,,,,,,,,,,,,,,,,,,,,,,,,,,,,,,,,,,,,,,,,,,,,"0",,"0","https://twitter.com/search?q=earthquake&src=typed_query&f=live","https://twitter.com/SimsGirl1008/status/1649154987325358080",,,,,,,,,,,,,,,,,,,,,,,,,,,,,,,,,,,,,,,,,,,,,,,,,,,,,,
"1649154969348767752","2023-04-20T20:55:59.000Z","0","Anyway people in Aotearoa have so much event trauma that we have our standard tiny earthquakes we always have all the time and they're panicking about it and they have no access to mental health services to cope with this constant anxiety and that's just bad",,,,,,,,,,,,,"1649154969348767752","false","false",,,,,,,,,,,,,,,,,,,,,,,,,,,,,,,,,,,,,,,,,,,,,,,,,,,,,,,,,,,,,,,,,,,,,,,,,,,,,,,,,,,,,,,"0",,"0","https://twitter.com/search?q=earthquake&src=typed_query&f=live","https://twitter.com/audihoe/status/1649154969348767752",,,,,,,,,,,,,,,,,,,,,,,,,,,,,,,,,,,,,,,,,,,,,,,,,,,,,,"1"
"1649153494421499934","2023-04-20T20:55:41.000Z","1","@bethanydogcat @nytimes Who do I save first. There’s South Sudan famine. There’s the earthquake in Turkiye and Syria. There’s a person down the street. There are dogs and cats … who do I save next",,,,,,,,,,,,,"1649154896774717440","false","false",,,,,,,,,,,,,,,,,,,,,,,,,,,,,,,,,,,,,,,,,,,,,,,,,,,,,,,,,,,,,,,,,,,,,,,,,,,,,,,,,,,,,,,"0","https://twitter.com/bethanydogcat/status/1649153989408161793","0","https://twitter.com/search?q=earthquake&src=typed_query&f=live","https://twitter.com/marsthedog/status/1649154896774717440",,,,,,,,,,"1700496698","Mohamed Lemine","https://twitter.com/bethanydogcat","bethanydogcat","807095","The New York Times","https://twitter.com/nytimes","nytimes",,,,,,,,,,,,,,,,,,,,,,,,,,,,,,,,,,,,,"5"
"1649154813890813955","2023-04-20T20:55:22.000Z","0","just realised “you can have my back any day. / or you know, you could have mine.” happens BEFORE the earthquake. they’ve known each other for what, one shift? i’m fine.",,,,,,,,,,,,,"1649154813890813955","false","false",,,,,,,,,,,,,,,,,,,,,,,,,,,,,,,,,,,,,,,,,,,,,,,,,,,,,,,,,,,,,,,,,,,,,,,,,,,,,,,,,,,,,,,"0",,"0","https://twitter.com/search?q=earthquake&src=typed_query&f=live","https://twitter.com/barlowsagenda/status/1649154813890813955",,,,,,,,,,,,,,,,,,,,,,,,,,,,,,,,,,,,,,,,,,,,,,,,,,,,,,"4"
"1649154768756150272","2023-04-20T20:55:11.000Z","0","liberal activists
- YES! leave that city.
- no earthquakes. a different judgement.
- if you leave now.. you can be a greater blessing later. 
- yes, i've recycled in the past. stewardship mindset not ideology...quantify a volcano erupting...impossible!...",,,,,,,,,,,,,"1649154768756150272","false","false",,,,,,,,,,,,,,,,,,,,,,,,,,,,,,,,,,,,,,,,,,,,,,,,,,,,,,,,,,,,,,,,,,,,,,,,,,,,,,,,,,,,,,,"0",,"0","https://twitter.com/search?q=earthquake&src=typed_query&f=live","https://twitter.com/caesar01022020/status/1649154768756150272",,,,,,,,,,,,,,,,,,,,,,,,,,,,,,,,,,,,,,,,,,,,,,,,,,,,,,"6"
"1649154754444926980","2023-04-20T20:55:07.000Z","0","USGS reports a M2.3 earthquake, 55 km S of Whites City, New Mexico on 4/20/23 @ 7:59:59 UTChttps://t.co/owy3tQkdUx#earthquake","earthquake",,,,,,,,,,,,"1649154754444926980","false","false",,,,,,,,,,,,,,,,,,,,,,,,,,,,,,,,,,,,,,,,,,,,,,,,,,,,,,,,,,,,,,,,,,,,,,,,,,,,,,,,,,,,,,,"0",,"0","https://twitter.com/search?q=earthquake&src=typed_query&f=live","https://twitter.com/everyEarthquake/status/1649154754444926980","earthquake.usgs.gov/earthquakes/ev…","https://earthquake.usgs.gov/earthquakes/eventpage/tx2023hrtr","https://t.co/owy3tQkdUx",,,,,,,,,,,,,,,,,,,,,,,,,,,,,,,,,,,,,,,,,,,,,,,,,,,"14"
"1649154742394953728","2023-04-20T20:55:05.000Z","0","A 2.3 magnitude #earthquake occured at 55 km S of Whites City, New Mexico. See the full report at: https://t.co/s4IJKnIMDH https://t.co/Dxf1rCljpI","earthquake",,,,,,,,,,,,"1649154742394953728","false","false",,"https://pbs.twimg.com/media/FuL5f6XaQAAbTis.png","photo",,,,,,,,,,,,,,,,,,,,,,,,,,,,,,,,,,,,,,,,,,,,,,,,,,,,,,,,,,,,,,,,,,,,,,,,,,,,,,,,,,,,"0",,"0","https://twitter.com/search?q=earthquake&src=typed_query&f=live","https://twitter.com/Global_EQ/status/1649154742394953728","earthquakefeed.com/eq/tx2023hrtr/…","https://earthquakefeed.com/eq/tx2023hrtr/55-km-S-of-Whites-City-New-Mexico","https://t.co/s4IJKnIMDH",,,,,,,,,,,,,,,,,,,,,,,,,,,,,,,,,,,,,,,,,,,,,,,,,,,"8"
"1649154658252759042","2023-04-20T20:54:44.000Z","0","If you are free next Tuesday at 6pm, come to the lovely Oxford Brookes Clerici Building for an evening of performances from our bridge translation event, with music and free cake! All donations go to UNICEF Turkey-Earthquake appeal. Sign up here ↓

https://t.co/unBKroYZc6",,,,,,,,,,,,,"1649154658252759042","false","false",,,,,,,,,,,,,,,,,,,,,,,,,,,,,,,,,,,,,,,,,,,,,,,,,,,,,,,,,,,,,,,,,,,,,,,,,,,,,,,,,,,,,,,"0",,"0","https://twitter.com/search?q=earthquake&src=typed_query&f=live","https://twitter.com/laurence_mann/status/1649154658252759042","eventbrite.co.uk/e/post-earthqu…","https://www.eventbrite.co.uk/e/post-earthquake-literature-retelling-catastrophe-through-translation-tickets-598360401067","https://t.co/unBKroYZc6",,,,,,,,,,,,,,,,,,,,,,,,,,,,,,,,,,,,,,,,,,,,,,,,,,,"4"
"1649154657053478912","2023-04-20T20:54:44.000Z","3","No. How do I know? Because he has an established record for how he operates with the SJ Earthquakes. He will not invest more money because he'll now be in an actual small market, lose revenue share, and have to recoup the cost of the stadium. He always has an excuse not to pay.",,,,,,,,,,,,,"1649154657053478912","true","false",,,,,,,,,,,,,,"1649076982859309056","1649076263112572928","2023-04-20T15:46:05.000Z","2","@ClarkCountyNV @Athletics @MLB @MichaelNaft @JustinJonesNV @MKNVspeaks @tsegerblom @LVCVA @DaveKaval @CommishJGibson @CommishMcCurdy Will there be greater payroll commitments? https://t.co/MZgeR4uNNY","1649076982859309056","false","false",,"https://pbs.twimg.com/media/FuKyxolagAAKnnf.jpg","photo",,,,,,,,,,,"2","https://twitter.com/ClarkCountyNV/status/1649076263112572928","0","https://twitter.com/JJWaeghe/status/1649076982859309056",,,,"33601080","Clark County Nevada","https://twitter.com/ClarkCountyNV","ClarkCountyNV","19607400","Oakland A's","https://twitter.com/Athletics","Athletics","18479513","MLB","https://twitter.com/MLB","MLB","363990957","Michael Naft","https://twitter.com/MichaelNaft","MichaelNaft","500577001","Justin Jones","https://twitter.com/JustinJonesNV","JustinJonesNV","307665470","Marilyn Kirkpatrick","https://twitter.com/MKNVspeaks","MKNVspeaks","256757744","Tick Segerblom","https://twitter.com/tsegerblom","tsegerblom","18359909","Vegas Means Business","https://twitter.com/LVCVA","LVCVA","500492761","Dave Kaval","https://twitter.com/DaveKaval","DaveKaval","958051901920100353","Commissioner Jim Gibson","https://twitter.com/CommishJGibson","CommishJGibson","1358858701482782720","Commissioner William McCurdy II","https://twitter.com/CommishMcCurdy","CommishMcCurdy","480","0",,"1","https://twitter.com/search?q=earthquake&src=typed_query&f=live","https://twitter.com/Tony_Frye/status/1649154657053478912",,,,,,,,,,,,,,,,,,,,,,,,,,,,,,,,,,,,,,,,,,,,,,,,,,,,,,"22"
"1649113204222754816","2023-04-20T20:54:01.000Z","1","@maskofbun aight. bet.",,,,,,,,,,,,,"1649154475641249793","false","false",,,,,,,,,,,,,,,,,,,,,,,,,,,,,,,,,,,,,,,,,,,,,,,,,,,,,,,,,,,,,,,,,,,,,,,,,,,,,,,,,,,,,,,"0","https://twitter.com/maskofbun/status/1649114338630967296","0","https://twitter.com/search?q=earthquake&src=typed_query&f=live","https://twitter.com/TheDrippyPeach/status/1649154475641249793",,,,,,,,,,"1588147155167870976","bigolas dickolas woIfwood","https://twitter.com/maskofbun","maskofbun",,,,,,,,,,,,,,,,,,,,,,,,,,,,,,,,,,,,,,,,,"6"
"1649154228282331136","2023-04-20T20:53:02.000Z","0","I know I deserve these beautiful things around but I still feel like I'm made to tragic things and nightmares. I'm created to walk on earthquakes and swim in floods. That this existence fits in catastrophe and broken endings.",,,,,,,,,,,,,"1649154228282331136","false","false",,,,,,,,,,,,,,,,,,,,,,,,,,,,,,,,,,,,,,,,,,,,,,,,,,,,,,,,,,,,,,,,,,,,,,,,,,,,,,,,,,,,,,,"0",,"0","https://twitter.com/search?q=earthquake&src=typed_query&f=live","https://twitter.com/minlorente/status/1649154228282331136",,,,,,,,,,,,,,,,,,,,,,,,,,,,,,,,,,,,,,,,,,,,,,,,,,,,,,"5"
"1649154198301208577","2023-04-20T20:52:55.000Z","0","Mr. Clark’s class learned about how earthquakes affect skyscrapers and attempted to build their own skyscrapers out of toothpicks and marshmallows. The goal was to construct a skyscraper that would withstand a “jello” earthquake. #JohnsonProud #OurKidsRock https://t.co/w5pcEo4Cxx","JohnsonProud","OurKidsRock",,,,,,,,,,,"1649154198301208577","false","false",,"https://pbs.twimg.com/media/FuL49RXWcAMBPdk.jpg","photo",,"https://pbs.twimg.com/media/FuL49RXWwAY5zCi.jpg","photo",,"https://pbs.twimg.com/media/FuL49RcWAAA7gqD.jpg","photo",,"https://pbs.twimg.com/media/FuL49RYXwAA78tW.jpg","photo",,,,,,,,,,,,,,,,,,,,,,,,,,,,,,,,,,,,,,,,,,,,,,,,,,,,,,,,,,,,,,,,,,,,,,,,,,,"0",,"0","https://twitter.com/search?q=earthquake&src=typed_query&f=live","https://twitter.com/MJohnsonSchool/status/1649154198301208577",,,,,,,,,,,,,,,,,,,,,,,,,,,,,,,,,,,,,,,,,,,,,,,,,,,,,,"7"
"1649154185349267460","2023-04-20T20:52:52.000Z","0","I’d like to commend @NvirWorld for organizing a donation ceremony for the victims of the earthquake in turkey-syria! That’s a very thoughtful thing to do.. #NVIR","NVIR",,,,,,,,,,,,"1649154185349267460","false","false",,,,,,,,,,,,,,,,,,,,,,,,,,,,,,,,,,,,,,,,,,,,,,,,,,,,,,,,,,,,,,,,,,,,,,,,,,,,,,,,,,,,,,,"0",,"0","https://twitter.com/search?q=earthquake&src=typed_query&f=live","https://twitter.com/JoyBala89429683/status/1649154185349267460",,,,,,,,,,"1391022745639526411","NvirWorld","https://twitter.com/NvirWorld","NvirWorld",,,,,,,,,,,,,,,,,,,,,,,,,,,,,,,,,,,,,,,,,"5"
"1649154123525238801","2023-04-20T20:52:37.000Z","0","An integral part of Turkey's heritage, Antakya's Orthodox Christian community have, for 2000 years, withstood the test of time. But the shattering effects of the earthquake threaten the group's existence, a threat worsened by state ambivalence https://t.co/AtQ4952em3",,,,,,,,,,,,,"1649154123525238801","false","false",,,,,,,,,,,,,,,,,,,,,,,,,,,,,,,,,,,,,,,,,,,,,,,,,,,,,,,,,,,,,,,,,,,,,,,,,,,,,,,,,,,,,,,"0",,"1","https://twitter.com/search?q=earthquake&src=typed_query&f=live","https://twitter.com/The_NewArab/status/1649154123525238801","newarab.com/features/turke…","https://www.newarab.com/features/turkeys-orthodox-community-returns-life-after-earthquake","https://t.co/AtQ4952em3",,,,,,,,,,,,,,,,,,,,,,,,,,,,,,,,,,,,,,,,,,,,,,,,,,,"202"
"1649098149255061505","2023-04-20T20:52:29.000Z","0","@CharlotteCGill Worth all the earthquakes, then... 😉",,,,,,,,,,,,,"1649154089446457348","false","false",,,,,,,,,,,,,,,,,,,,,,,,,,,,,,,,,,,,,,,,,,,,,,,,,,,,,,,,,,,,,,,,,,,,,,,,,,,,,,,,,,,,,,,"0","https://twitter.com/CharlotteCGill/status/1649098149255061505","0","https://twitter.com/search?q=earthquake&src=typed_query&f=live","https://twitter.com/_davidhansard/status/1649154089446457348",,,,,,,,,,"375325622","Charlotte Gill","https://twitter.com/CharlotteCGill","CharlotteCGill",,,,,,,,,,,,,,,,,,,,,,,,,,,,,,,,,,,,,,,,,"5"
"1649154059239030784","2023-04-20T20:52:22.000Z","0","Anger grows in Turkey as earthquake death toll passes 21,000 and rescue hopes dwindle. 
Thousands spent the night in the debris-encrusted streets of Adiyaman with little shelter and huddled around small fires.  
#TurkeySyriaEarthquake 
https://t.co/hvg7Koxo5a 03","TurkeySyriaEarthquake",,,,,,,,,,,,"1649154059239030784","false","false",,"https://pbs.twimg.com/amplify_video_thumb/1623852031730454532/img/kG4HzQ3FuLyMtywT.jpg","video","https://video.twimg.com/amplify_video/1623852031730454532/vid/888x488/_Tozo9iHi7ouHxp4.mp4?tag=16",,,,,,,,,,,,,,,,,,,,,,,,,,,,,,,,,,,,,,,,,,,,,,,,,,,,,,,,,,,,,,,,,,,,,,,,,,,,,,,,,,,"0",,"0","https://twitter.com/search?q=earthquake&src=typed_query&f=live","https://twitter.com/TomthunkitsMind/status/1649154059239030784",,,,,,,,,,,,,,,,,,,,,,,,,,,,,,,,,,,,,,,,,,,,,,,,,,,,,,"29"
"1649151835977187330","2023-04-20T20:52:13.000Z","1","@shaylarz Oh hell that was bad 😂 I get why you pick tornados over earthquakes",,,,,,,,,,,,,"1649154024921505792","false","false",,,,,,,,,,,,,,,,,,,,,,,,,,,,,,,,,,,,,,,,,,,,,,,,,,,,,,,,,,,,,,,,,,,,,,,,,,,,,,,,,,,,,,,"1","https://twitter.com/shaylarz/status/1649153228846559250","0","https://twitter.com/search?q=earthquake&src=typed_query&f=live","https://twitter.com/MandyNicole38/status/1649154024921505792",,,,,,,,,,"121649032","commissioner shayla🧾","https://twitter.com/shaylarz","shaylarz",,,,,,,,,,,,,,,,,,,,,,,,,,,,,,,,,,,,,,,,,"12"
"1649028490937749504","2023-04-20T20:52:09.000Z","0","@BTexas1969 @4Mischief This was after a 6.3 earthquake",,,,,,,,,,,,,"1649154006311403522","false","false",,,,,,,,,,,,,,,,,,,,,,,,,,,,,,,,,,,,,,,,,,,,,,,,,,,,,,,,,,,,,,,,,,,,,,,,,,,,,,,,,,,,,,,"0","https://twitter.com/BTexas1969/status/1649051071111917571","0","https://twitter.com/search?q=earthquake&src=typed_query&f=live","https://twitter.com/Retired91465105/status/1649154006311403522",,,,,,,,,,"1167077341560025088","COFFEE","https://twitter.com/BTexas1969","BTexas1969","450235955","• ᗰISᑕᕼIᗴᖴ ™ •","https://twitter.com/4Mischief","4Mischief",,,,,,,,,,,,,,,,,,,,,,,,,,,,,,,,,,,,,"4"
"1649153999608901632","2023-04-20T20:52:07.000Z","0","Why did we have 3 earthquakes in one morning what the actual fuck",,,,,,,,,,,,,"1649153999608901632","false","false",,,,,,,,,,,,,,,,,,,,,,,,,,,,,,,,,,,,,,,,,,,,,,,,,,,,,,,,,,,,,,,,,,,,,,,,,,,,,,,,,,,,,,,"0",,"0","https://twitter.com/search?q=earthquake&src=typed_query&f=live","https://twitter.com/daylightmarner/status/1649153999608901632",,,,,,,,,,,,,,,,,,,,,,,,,,,,,,,,,,,,,,,,,,,,,,,,,,,,,,"20"
"1649153273205518361","2023-04-20T20:51:55.000Z","0","#Earthquake 11 km NW of Zagreb - Centar (#Croatia) 4 min ago (local time 22:48:17). Colored dots represent local shaking &amp; damage level reported by eyewitnesses. Share your experience:
📱https://t.co/LBaVNedgF9
🌐https://t.co/8j9xfuDJHA https://t.co/vbSGmGxNst","Earthquake","Croatia",,,,,,,,,,,"1649153948673007617","false","false",,"https://pbs.twimg.com/media/FuL4xpNX0AMOWT6.png","photo",,,,,,,,,,,,,,,,,,,,,,,,,,,,,,,,,,,,,,,,,,,,,,,,,,,,,,,,,,,,,,,,,,,,,,,,,,,,,,,,,,,,"0","https://twitter.com/LastQuake/status/1649153924442587139","1","https://twitter.com/search?q=earthquake&src=typed_query&f=live","https://twitter.com/LastQuake/status/1649153948673007617","emsc-csem.org/service/applic…","https://www.emsc-csem.org/service/application/","https://t.co/LBaVNedgF9","m.emsc.eu/?id=1252210","https://m.emsc.eu/?id=1252210","https://t.co/8j9xfuDJHA",,,,,,,,,,,,,,,,,,,,,,,,,,,,,,,,,,,,,,,,,,,,,,,,"968"
"1649076263112572928","2023-04-20T15:46:05.000Z","2","@ClarkCountyNV @Athletics @MLB @MichaelNaft @JustinJonesNV @MKNVspeaks @tsegerblom @LVCVA @DaveKaval @CommishJGibson @CommishMcCurdy Will there be greater payroll commitments? https://t.co/MZgeR4uNNY",,,,,,,,,,,,,"1649076982859309056","false","false",,"https://pbs.twimg.com/media/FuKyxolagAAKnnf.jpg","photo",,,,,,,,,,,,,,,,,,,,,,,,,,,,,,,,,,,,,,,,,,,,,,,,,,,,,,,,,,,,,,,,,,,,,,,,,,,,,,,,,,,,"2","https://twitter.com/ClarkCountyNV/status/1649076263112572928","0","https://twitter.com/search?q=earthquake&src=typed_query&f=live","https://twitter.com/JJWaeghe/status/1649076982859309056",,,,,,,,,,"33601080","Clark County Nevada","https://twitter.com/ClarkCountyNV","ClarkCountyNV","19607400","Oakland A's","https://twitter.com/Athletics","Athletics","18479513","MLB","https://twitter.com/MLB","MLB","363990957","Michael Naft","https://twitter.com/MichaelNaft","MichaelNaft","500577001","Justin Jones","https://twitter.com/JustinJonesNV","JustinJonesNV","307665470","Marilyn Kirkpatrick","https://twitter.com/MKNVspeaks","MKNVspeaks","256757744","Tick Segerblom","https://twitter.com/tsegerblom","tsegerblom","18359909","Vegas Means Business","https://twitter.com/LVCVA","LVCVA","500492761","Dave Kaval","https://twitter.com/DaveKaval","DaveKaval","958051901920100353","Commissioner Jim Gibson","https://twitter.com/CommishJGibson","CommishJGibson","1358858701482782720","Commissioner William McCurdy II","https://twitter.com/CommishMcCurdy","CommishMcCurdy","480"
"1649155135900205057","2023-04-20T20:56:38.000Z","0","A Republic serve demais. Se a Anitta assinou com eles mesmo, agora ela vai ter muito flood no US https://t.co/QYC24yGMpS",,,,,,,,,,,,,"1649155135900205057","false","false",,"https://pbs.twimg.com/media/FuL52ymWcAE1gI8.jpg","photo",,,,,,,,,,,,,,,,,,,,,,,,,,,,,,,,,,,,,,,,,,,,,,,,,,,,,,,,,,,,,,,,,,,,,,,,,,,,,,,,,,,,"0",,"0","https://twitter.com/search?q=flood&src=typed_query&f=live","https://twitter.com/CozyPerry3/status/1649155135900205057",,,,,,,,,,,,,,,,,,,,,,,,,,,,,,,,,,,,,,,,,,,,,,,,,,,,,,
"1649152534295216128","2023-04-20T20:56:12.000Z","0","@stillgray These men dressing up and painting themselves up like women are controlled by very evil ,wicked and demonic spirits . This is why the First World was destroyed by a Flood .And why the cities of Sodom and Gomorrah was destroyed by fire !",,,,,,,,,,,,,"1649155026948947970","false","false",,,,,,,,,,,,,,,,,,,,,,,,,,,,,,,,,,,,,,,,,,,,,,,,,,,,,,,,,,,,,,,,,,,,,,,,,,,,,,,,,,,,,,,"0","https://twitter.com/stillgray/status/1649152534295216128","0","https://twitter.com/search?q=flood&src=typed_query&f=live","https://twitter.com/Ann10878956Jo/status/1649155026948947970",,,,,,,,,,"16106584","Ian Miles Cheong","https://twitter.com/stillgray","stillgray",,,,,,,,,,,,,,,,,,,,,,,,,,,,,,,,,,,,,,,,,"2"
"1649137269997961219","2023-04-20T20:56:09.000Z","0","@RonDeSantisFL @CaseyDeSantis Why aren't you in Florida helping with disaster flood relief?

Dereliction of duty.",,,,,,,,,,,,,"1649155013061627909","false","false",,,,,,,,,,,,,,,,,,,,,,,,,,,,,,,,,,,,,,,,,,,,,,,,,,,,,,,,,,,,,,,,,,,,,,,,,,,,,,,,,,,,,,,"0","https://twitter.com/RonDeSantisFL/status/1649137269997961219","0","https://twitter.com/search?q=flood&src=typed_query&f=live","https://twitter.com/CSanderG/status/1649155013061627909",,,,,,,,,,"487297085","Ron DeSantis","https://twitter.com/RonDeSantisFL","RonDeSantisFL","433365936","Casey DeSantis","https://twitter.com/CaseyDeSantis","CaseyDeSantis",,,,,,,,,,,,,,,,,,,,,,,,,,,,,,,,,,,,,
"1649155013028073472","2023-04-20T20:56:09.000Z","0","Sorunun sorunu -flood-",,,,,,,,,,,,,"1649155013028073472","true","false",,,,,,,,,,,,,,"1648916886917136384","1648916886917136384","2023-04-20T05:09:55.000Z","44","Türk Sorunu -Flood-

Where are you from?
Nere(li)sin?

I am from Turkey.
Türkiye(li)yim.

Nere= Doğduğun ülke
li= Sıfat yapıcı ek

""Türkiye(li)yim"" dediğimizde Türkiye doğumlu olduğumuz anlaşılıyor.

Bunlara savunana ise terörist diyorlar ama sorun çok daha büyük.
⬇️","1648916886917136384","false","false",,,,,,,,,,,,,,"11",,"5","https://twitter.com/DenizCanPol/status/1648916886917136384",,,,,,,,,,,,,,,,,,,,,,,,,,,,,,,,,,,,,,,,,,,,,,,,"3185","0",,"0","https://twitter.com/search?q=flood&src=typed_query&f=live","https://twitter.com/itmeanswolf/status/1649155013028073472",,,,,,,,,,,,,,,,,,,,,,,,,,,,,,,,,,,,,,,,,,,,,,,,,,,,,,
"1649154936310054912","2023-04-20T20:55:51.000Z","0","Really hoping they do have found footage horror themes though. That shit would be cool. Especially if it's unannounced and unadvertised like the Flood in Halo CE. Leave it as a surprise.",,,,,,,,,,,,,"1649154936310054912","true","false",,,,,,,,,,,,,,"1649028019741155332","1649028019741155332","2023-04-20T12:31:32.000Z","2924","Post-reveal: Response to questions and concerns from players.

https://t.co/n6hF9aiGiW https://t.co/Kg0NMFaUCT","1649028019741155332","false","false",,"https://pbs.twimg.com/media/FuKF9eRX0AArzfy.jpg","photo",,,,,,,,,,,"95",,"300","https://twitter.com/unrecordgame/status/1649028019741155332","store.steampowered.com/news/app/23815…","https://store.steampowered.com/news/app/2381520/view/3731837715777257210?l=french","https://t.co/n6hF9aiGiW",,,,,,,,,,,,,,,,,,,,,,,,,,,,,,,,,,,,,,,,,,,,,"215424","0",,"0","https://twitter.com/search?q=flood&src=typed_query&f=live","https://twitter.com/StyloJp/status/1649154936310054912",,,,,,,,,,,,,,,,,,,,,,,,,,,,,,,,,,,,,,,,,,,,,,,,,,,,,,
"1649154884405452807","2023-04-20T20:55:38.000Z","1","Floods claim more lives where inequality reigns https://t.co/WnmMGFEA9h",,,,,,,,,,,,,"1649154884405452807","false","false",,,,,,,,,,,,,,,,,,,,,,,,,,,,,,,,,,,,,,,,,,,,,,,,,,,,,,,,,,,,,,,,,,,,,,,,,,,,,,,,,,,,,,,"0",,"1","https://twitter.com/search?q=flood&src=typed_query&f=live","https://twitter.com/Nature/status/1649154884405452807","go.nature.com/41qQA40","https://go.nature.com/41qQA40","https://t.co/WnmMGFEA9h",,,,,,,,,,,,,,,,,,,,,,,,,,,,,,,,,,,,,,,,,,,,,,,,,,,"262"
"1649110771681357824","2023-04-20T20:55:37.000Z","0","@PeterObi Today in Mecca, a downpour fell on the grave of Mohammed - a flood on millions of people who came to celebrate Ramadan.  A minute after the rain, millions of cockroaches n crickets crawled out of the ground, so the prayer stopped and everyone ran away shouting: Egypt matter. https://t.co/oeMFo0lxMA",,,,,,,,,,,,,"1649154877807886345","false","false",,"https://pbs.twimg.com/ext_tw_video_thumb/1649154719493812225/pu/img/d-1iT2B6l1KevN6Q.jpg","video","https://video.twimg.com/ext_tw_video/1649154719493812225/pu/vid/352x640/xs7q3622242X5VKS.mp4?tag=12",,,,,,,,,,,,,,,,,,,,,,,,,,,,,,,,,,,,,,,,,,,,,,,,,,,,,,,,,,,,,,,,,,,,,,,,,,,,,,,,,,,"0","https://twitter.com/PeterObi/status/1649110771681357824","0","https://twitter.com/search?q=flood&src=typed_query&f=live","https://twitter.com/MiztaPromise/status/1649154877807886345",,,,,,,,,,"1050779471731707904","Peter Obi","https://twitter.com/PeterObi","PeterObi",,,,,,,,,,,,,,,,,,,,,,,,,,,,,,,,,,,,,,,,,"1"
"1649078334813360135","2023-04-20T20:55:32.000Z","0","@childofeternity @Lurch682 @jeremycorbyn 1000 BC was before great flood, which carbon dating puts at 5000BC. If you know who was in Jerusalem pre temple of Solomon you know more than any archeologist on this planet. Jews were there first.",,,,,,,,,,,,,"1649154855779409922","false","false",,,,,,,,,,,,,,,,,,,,,,,,,,,,,,,,,,,,,,,,,,,,,,,,,,,,,,,,,,,,,,,,,,,,,,,,,,,,,,,,,,,,,,,"0","https://twitter.com/childofeternity/status/1649148127562067982","0","https://twitter.com/search?q=flood&src=typed_query&f=live","https://twitter.com/NorthBritannia/status/1649154855779409922",,,,,,,,,,"27213810","The Rt Rev'd Mojito🍹","https://twitter.com/childofeternity","childofeternity","1520359301960781826","Lurch","https://twitter.com/Lurch682","Lurch682","117777690","Jeremy Corbyn","https://twitter.com/jeremycorbyn","jeremycorbyn",,,,,,,,,,,,,,,,,,,,,,,,,,,,,,,,,
"1648999227144404993","2023-04-20T20:55:30.000Z","0","@ramprasad_c Relative in the US wanted a Rivian, but bought a Tesla this month after  price cuts &amp; reports of Rivian delays + issues. He is doubly happy with cheap EV running costs because there is a fuel shortage in his area after recent floods.",,,,,,,,,,,,,"1649154848254750721","false","false",,,,,,,,,,,,,,,,,,,,,,,,,,,,,,,,,,,,,,,,,,,,,,,,,,,,,,,,,,,,,,,,,,,,,,,,,,,,,,,,,,,,,,,"0","https://twitter.com/ramprasad_c/status/1648999227144404993","0","https://twitter.com/search?q=flood&src=typed_query&f=live","https://twitter.com/Sudarshan_Mlth/status/1649154848254750721",,,,,,,,,,"15819609","Ram","https://twitter.com/ramprasad_c","ramprasad_c",,,,,,,,,,,,,,,,,,,,,,,,,,,,,,,,,,,,,,,,,"1"
"1649145144245907492","2023-04-20T20:55:27.000Z","0","@OracleRedBulF1 @KristanHawkins @realDonaldTrump What’s was because wicked the people in the book of genesis where at the time plus god made a covenant with Noah never to destroy the earth with a flood you just don’t like the fact you can’t kill unborn babies.",,,,,,,,,,,,,"1649154836565307393","false","false",,,,,,,,,,,,,,,,,,,,,,,,,,,,,,,,,,,,,,,,,,,,,,,,,,,,,,,,,,,,,,,,,,,,,,,,,,,,,,,,,,,,,,,"0","https://twitter.com/OracleRedBulF1/status/1649149994706825230","0","https://twitter.com/search?q=flood&src=typed_query&f=live","https://twitter.com/alex_kobylarz/status/1649154836565307393",,,,,,,,,,"1591417764916363265","Not RedBull Racing","https://twitter.com/OracleRedBulF1","OracleRedBulF1","271432134","Kristan Hawkins","https://twitter.com/KristanHawkins","KristanHawkins","25073877","Donald J. Trump","https://twitter.com/realDonaldTrump","realDonaldTrump",,,,,,,,,,,,,,,,,,,,,,,,,,,,,,,,,"1"
"1649111647745724425","2023-04-20T20:55:23.000Z","0","@sarcasticriccio bu arada ben de iyi anlasıyorum yakın arkadasım da yengec cok benzeriz ay burcu ikizler yukseleni yay. genel olarak ama yengeclerin ikizler burcunu sevmedigini dusunuyorum hatta bunun ustune flood yazmıstım🤭",,,,,,,,,,,,,"1649154818227806209","false","false",,,,,,,,,,,,,,,,,,,,,,,,,,,,,,,,,,,,,,,,,,,,,,,,,,,,,,,,,,,,,,,,,,,,,,,,,,,,,,,,,,,,,,,"0","https://twitter.com/sarcasticriccio/status/1649126824838823970","0","https://twitter.com/search?q=flood&src=typed_query&f=live","https://twitter.com/thereislav/status/1649154818227806209",,,,,,,,,,"1241425644757700612","yamovsk","https://twitter.com/sarcasticriccio","sarcasticriccio",,,,,,,,,,,,,,,,,,,,,,,,,,,,,,,,,,,,,,,,,"6"
"1649149623359926280","2023-04-20T20:55:21.000Z","0","@BozkurtKutlubey @KemalistSad bi ara flood mu yapsam acaba bu vakıfları tanıtan",,,,,,,,,,,,,"1649154812368281600","false","false",,,,,,,,,,,,,,,,,,,,,,,,,,,,,,,,,,,,,,,,,,,,,,,,,,,,,,,,,,,,,,,,,,,,,,,,,,,,,,,,,,,,,,,"0","https://twitter.com/BozkurtKutlubey/status/1649149870022729728","0","https://twitter.com/search?q=flood&src=typed_query&f=live","https://twitter.com/barigulaa/status/1649154812368281600",,,,,,,,,,"1360917990368292865","Bozkurt Kutlubey","https://twitter.com/BozkurtKutlubey","BozkurtKutlubey","1461047422608723982","Şad","https://twitter.com/KemalistSad","KemalistSad",,,,,,,,,,,,,,,,,,,,,,,,,,,,,,,,,,,,,"1"
"1649045983085613056","2023-04-20T20:55:19.000Z","0","@InsaneRealitys Why bothering the police? He could flood the room with bug spray  or cockroach spray.",,,,,,,,,,,,,"1649154803547664386","false","false",,,,,,,,,,,,,,,,,,,,,,,,,,,,,,,,,,,,,,,,,,,,,,,,,,,,,,,,,,,,,,,,,,,,,,,,,,,,,,,,,,,,,,,"0","https://twitter.com/InsaneRealitys/status/1649045983085613056","0","https://twitter.com/search?q=flood&src=typed_query&f=live","https://twitter.com/drgreece/status/1649154803547664386",,,,,,,,,,"2693229229","Insane Reality Leaks","https://twitter.com/InsaneRealitys","InsaneRealitys",,,,,,,,,,,,,,,,,,,,,,,,,,,,,,,,,,,,,,,,,
"1648663268922204167","2023-04-20T20:55:07.000Z","0","@MikeHudema OMG. What is it? Oh…..it’s a flood. Sorry I have geard of them I have just never seen them. Thnx for the vid post.",,,,,,,,,,,,,"1649154753237225473","false","false",,,,,,,,,,,,,,,,,,,,,,,,,,,,,,,,,,,,,,,,,,,,,,,,,,,,,,,,,,,,,,,,,,,,,,,,,,,,,,,,,,,,,,,"0","https://twitter.com/MikeHudema/status/1648663268922204167","0","https://twitter.com/search?q=flood&src=typed_query&f=live","https://twitter.com/jaypea58/status/1649154753237225473",,,,,,,,,,"15088481","Mike Hudema","https://twitter.com/MikeHudema","MikeHudema",,,,,,,,,,,,,,,,,,,,,,,,,,,,,,,,,,,,,,,,,"3"
"1649148266565476352","2023-04-20T20:55:06.000Z","0","@bkleppe83 @Evan_Flood Feels like a transfer candidate at this point. Badgers are deeper at WR and they are over the scholarship numbers once true freshman step on campus in the fall.",,,,,,,,,,,,,"1649154749617299477","false","false",,,,,,,,,,,,,,,,,,,,,,,,,,,,,,,,,,,,,,,,,,,,,,,,,,,,,,,,,,,,,,,,,,,,,,,,,,,,,,,,,,,,,,,"0","https://twitter.com/bkleppe83/status/1649153448489676838","0","https://twitter.com/search?q=flood&src=typed_query&f=live","https://twitter.com/rizynick/status/1649154749617299477",,,,,,,,,,"63646254","BK","https://twitter.com/bkleppe83","bkleppe83","32479849","Evan Flood","https://twitter.com/Evan_Flood","Evan_Flood",,,,,,,,,,,,,,,,,,,,,,,,,,,,,,,,,,,,,"1"
"1649017909153353728","2023-04-20T20:54:45.000Z","0","@the_bigdot Flood sweep your head for that first frame?",,,,,,,,,,,,,"1649154660916232194","false","false",,,,,,,,,,,,,,,,,,,,,,,,,,,,,,,,,,,,,,,,,,,,,,,,,,,,,,,,,,,,,,,,,,,,,,,,,,,,,,,,,,,,,,,"0","https://twitter.com/the_bigdot/status/1649017909153353728","0","https://twitter.com/search?q=flood&src=typed_query&f=live","https://twitter.com/OladimejiWealth/status/1649154660916232194",,,,,,,,,,"800854939","Dotun Omiyale.jpeg","https://twitter.com/the_bigdot","the_bigdot",,,,,,,,,,,,,,,,,,,,,,,,,,,,,,,,,,,,,,,,,"1"
"1649044749658079232","2023-04-20T20:54:35.000Z","0","@CreateTitan @idsnews Have you ever driven through flood waters in a Honda Civic?

I have, and I was lucky I didn't flood my engine.

If you feel an urge to comment on anything else you have zero knowledge about, feel free to keep it to yourself.",,,,,,,,,,,,,"1649154619094839297","false","false",,,,,,,,,,,,,,,,,,,,,,,,,,,,,,,,,,,,,,,,,,,,,,,,,,,,,,,,,,,,,,,,,,,,,,,,,,,,,,,,,,,,,,,"0","https://twitter.com/CreateTitan/status/1649146763754762248","0","https://twitter.com/search?q=flood&src=typed_query&f=live","https://twitter.com/BocMoonshine/status/1649154619094839297",,,,,,,,,,"1511376272382992386","💛Titan🌞","https://twitter.com/CreateTitan","CreateTitan","21922584","Indiana Daily Student","https://twitter.com/idsnews","idsnews",,,,,,,,,,,,,,,,,,,,,,,,,,,,,,,,,,,,,"1"
"1649028019741155332","2023-04-20T12:31:32.000Z","2924","Post-reveal: Response to questions and concerns from players.

https://t.co/n6hF9aiGiW https://t.co/Kg0NMFaUCT",,,,,,,,,,,,,"1649028019741155332","false","false",,"https://pbs.twimg.com/media/FuKF9eRX0AArzfy.jpg","photo",,,,,,,,,,,,,,,,,,,,,,,,,,,,,,,,,,,,,,,,,,,,,,,,,,,,,,,,,,,,,,,,,,,,,,,,,,,,,,,,,,,,"95",,"300","https://twitter.com/search?q=flood&src=typed_query&f=live","https://twitter.com/unrecordgame/status/1649028019741155332","store.steampowered.com/news/app/23815…","https://store.steampowered.com/news/app/2381520/view/3731837715777257210?l=french","https://t.co/n6hF9aiGiW",,,,,,,,,,,,,,,,,,,,,,,,,,,,,,,,,,,,,,,,,,,,,,,,,,,"215424"
"1648916886917136384","2023-04-20T05:09:55.000Z","44","Türk Sorunu -Flood-

Where are you from?
Nere(li)sin?

I am from Turkey.
Türkiye(li)yim.

Nere= Doğduğun ülke
li= Sıfat yapıcı ek

""Türkiye(li)yim"" dediğimizde Türkiye doğumlu olduğumuz anlaşılıyor.

Bunlara savunana ise terörist diyorlar ama sorun çok daha büyük.
⬇️",,,,,,,,,,,,,"1648916886917136384","false","false",,,,,,,,,,,,,,,,,,,,,,,,,,,,,,,,,,,,,,,,,,,,,,,,,,,,,,,,,,,,,,,,,,,,,,,,,,,,,,,,,,,,,,,"11",,"5","https://twitter.com/search?q=flood&src=typed_query&f=live","https://twitter.com/DenizCanPol/status/1648916886917136384",,,,,,,,,,,,,,,,,,,,,,,,,,,,,,,,,,,,,,,,,,,,,,,,,,,,,,"3185"
"1649154609796063232","2023-04-20T20:54:33.000Z","0","Eras come to an end! It’s your end 😂  #SEVMUN. Now they would flood the internet with them Caraboa cup 😂 https://t.co/gKsde7NGPn","SEVMUN",,,,,,,,,,,,"1649154609796063232","false","false",,"https://pbs.twimg.com/media/FuL5X4ZWYAUItFq.jpg","photo",,"https://pbs.twimg.com/media/FuL5X4ZWwAIPKUU.jpg","photo",,,,,,,,,,,,,,,,,,,,,,,,,,,,,,,,,,,,,,,,,,,,,,,,,,,,,,,,,,,,,,,,,,,,,,,,,,,,,,,,,"0",,"0","https://twitter.com/search?q=flood&src=typed_query&f=live","https://twitter.com/KhaleedMCFC/status/1649154609796063232",,,,,,,,,,,,,,,,,,,,,,,,,,,,,,,,,,,,,,,,,,,,,,,,,,,,,,"84"
"1648663268922204167","2023-04-20T20:54:31.000Z","0","@MikeHudema It’s called a flood",,,,,,,,,,,,,"1649154603009671176","false","false",,,,,,,,,,,,,,,,,,,,,,,,,,,,,,,,,,,,,,,,,,,,,,,,,,,,,,,,,,,,,,,,,,,,,,,,,,,,,,,,,,,,,,,"0","https://twitter.com/MikeHudema/status/1648663268922204167","0","https://twitter.com/search?q=flood&src=typed_query&f=live","https://twitter.com/jearnold66/status/1649154603009671176",,,,,,,,,,"15088481","Mike Hudema","https://twitter.com/MikeHudema","MikeHudema",,,,,,,,,,,,,,,,,,,,,,,,,,,,,,,,,,,,,,,,,
"1649153294650994729","2023-04-20T20:54:25.000Z","1","@solomentelogy Bir sürü cuk var, hepsini flood yapıcam, sadece o değil, Kemal e seste, Mehmet i ben anlıyorum dedi, S Mehmet i hiiiiç anlamadı 👌👌👌",,,,,,,,,,,,,"1649154575658631173","false","false",,,,,,,,,,,,,,,,,,,,,,,,,,,,,,,,,,,,,,,,,,,,,,,,,,,,,,,,,,,,,,,,,,,,,,,,,,,,,,,,,,,,,,,"1","https://twitter.com/solomentelogy/status/1649153294650994729","0","https://twitter.com/search?q=flood&src=typed_query&f=live","https://twitter.com/_mferide/status/1649154575658631173",,,,,,,,,,"1122523898929733632","solomen","https://twitter.com/solomentelogy","solomentelogy",,,,,,,,,,,,,,,,,,,,,,,,,,,,,,,,,,,,,,,,,"22"
"1649153273205518361","2023-04-20T20:51:50.000Z","0","🔔#Earthquake (#potres) M1.1 occurred 11 km NW of Zagreb - Centar (#Croatia) 4 min ago (local time 22:48:17). More info at:
📱https://t.co/LBaVNedgF9
🌐https://t.co/8j9xfuDJHA
🖥https://t.co/NulJYDCI8T https://t.co/idqfoxxhsK","Earthquake","potres","Croatia",,,,,,,,,,"1649153924442587139","false","false",,"https://pbs.twimg.com/media/FuL4wRPXgAQ49ha.jpg","photo",,,,,,,,,,,,,,,,,,,,,,,,,,,,,,,,,,,,,,,,,,,,,,,,,,,,,,,,,,,,,,,,,,,,,,,,,,,,,,,,,,,,"1","https://twitter.com/LastQuake/status/1649153629159321609","1","https://twitter.com/search?q=earthquake&src=typed_query&f=live","https://twitter.com/LastQuake/status/1649153924442587139","emsc-csem.org/service/applic…","https://www.emsc-csem.org/service/application/","https://t.co/LBaVNedgF9","m.emsc.eu/?id=1252210","https://m.emsc.eu/?id=1252210","https://t.co/8j9xfuDJHA","emsc-csem.org/Earthquake/ear…","https://www.emsc-csem.org/Earthquake/earthquake.php?id=1252210","https://t.co/NulJYDCI8T",,,,,,,,,,,,,,,,,,,,,,,,,,,,,,,,,,,,,,,,,,,,,"1115"
"1649154510491721728","2023-04-20T20:54:09.000Z","0","Today in Mecca, a downpour fell on the grave of Mohammed - a flood on millions of people who came to celebrate Ramadan.  A minute after the rain, millions of cockroaches n crickets crawled out of the ground, so the prayer stopped and everyone ran away shouting: Egypt matter. https://t.co/S52NcfcJbV",,,,,,,,,,,,,"1649154510491721728","false","false",,"https://pbs.twimg.com/ext_tw_video_thumb/1649154073545801728/pu/img/MGuS4KtR2dMSFfIz.jpg","video","https://video.twimg.com/ext_tw_video/1649154073545801728/pu/vid/352x640/D05_gaEABfFCqnyK.mp4?tag=12",,,,,,,,,,,,,,,,,,,,,,,,,,,,,,,,,,,,,,,,,,,,,,,,,,,,,,,,,,,,,,,,,,,,,,,,,,,,,,,,,,,"0",,"0","https://twitter.com/search?q=flood&src=typed_query&f=live","https://twitter.com/MiztaPromise/status/1649154510491721728",,,,,,,,,,,,,,,,,,,,,,,,,,,,,,,,,,,,,,,,,,,,,,,,,,,,,,"3"
"1649153895753736192","2023-04-20T20:51:43.000Z","0","an earthquake? 🥺",,,,,,,,,,,,,"1649153895753736192","true","false",,,,,,,,,,,,,,"1649076505484627968","1649076505484627968","2023-04-20T15:44:11.000Z","1417","อ่ย ไอเร้กเอ้ยยย🤏🏻 https://t.co/ur2UNb4FG5","1649076505484627968","false","false",,"https://pbs.twimg.com/amplify_video_thumb/1649076338870095873/img/GIC5SUd1Jw69cLsa.jpg","video","https://video.twimg.com/amplify_video/1649076338870095873/vid/720x1280/HOlEVsrg0kJ0EVlG.mp4?tag=16",,,,,,,,,,"2",,"486","https://twitter.com/_alifyou7/status/1649076505484627968",,,,,,,,,,,,,,,,,,,,,,,,,,,,,,,,,,,,,,,,,,,,,,,,"17816","0",,"0","https://twitter.com/search?q=earthquake&src=typed_query&f=live","https://twitter.com/xiingxiing_/status/1649153895753736192",,,,,,,,,,,,,,,,,,,,,,,,,,,,,,,,,,,,,,,,,,,,,,,,,,,,,,"7"
"1649153811095646211","2023-04-20T20:51:23.000Z","0","#Earthquake: Offshore Atacama, Chile at 20 April 2023 08:21 pm (UTC), Magnitude: 4.3 https://t.co/Xm6hi35kLY","Earthquake",,,,,,,,,,,,"1649153811095646211","false","false",,"https://pbs.twimg.com/media/FuL4pi0WcBccIOo.jpg","photo",,,,,,,,,,,,,,,,,,,,,,,,,,,,,,,,,,,,,,,,,,,,,,,,,,,,,,,,,,,,,,,,,,,,,,,,,,,,,,,,,,,,"0",,"0","https://twitter.com/search?q=earthquake&src=typed_query&f=live","https://twitter.com/grum10/status/1649153811095646211",,,,,,,,,,,,,,,,,,,,,,,,,,,,,,,,,,,,,,,,,,,,,,,,,,,,,,"11"
"1649153783518175232","2023-04-20T20:51:16.000Z","0","#Earthquake (#potres) M1.1 strikes 11 km NW of Zagreb - Centar (#Croatia) 3 min ago. More info: https://t.co/ZqF1E08RO8","Earthquake","potres","Croatia",,,,,,,,,,"1649153783518175232","false","false",,,,,,,,,,,,,,,,,,,,,,,,,,,,,,,,,,,,,,,,,,,,,,,,,,,,,,,,,,,,,,,,,,,,,,,,,,,,,,,,,,,,,,,"0",,"1","https://twitter.com/search?q=earthquake&src=typed_query&f=live","https://twitter.com/EMSC/status/1649153783518175232","emsc-csem.org/Earthquake/ear…","https://www.emsc-csem.org/Earthquake/earthquake.php?id=1252210","https://t.co/ZqF1E08RO8",,,,,,,,,,,,,,,,,,,,,,,,,,,,,,,,,,,,,,,,,,,,,,,,,,,"172"
"1649153085514608655","2023-04-20T20:51:04.000Z","0","Turkey is “disappointed” by the Canadian military’s “refusal” to support the transport of humanitarian aid after February’s deadly earthquake there, the document says...",,,,,,,,,,,,,"1649153732985122817","false","false",,,,,,,,,,,,,,,,,,,,,,,,,,,,,,,,,,,,,,,,,,,,,,,,,,,,,,,,,,,,,,,,,,,,,,,,,,,,,,,,,,,,,,,"1","https://twitter.com/ELizhechko/status/1649153723849928712","0","https://twitter.com/search?q=earthquake&src=typed_query&f=live","https://twitter.com/ELizhechko/status/1649153732985122817",,,,,,,,,,,,,,,,,,,,,,,,,,,,,,,,,,,,,,,,,,,,,,,,,,,,,,"10"
"1649153675460243473","2023-04-20T20:50:50.000Z","0","#Earthquake (#Erdbeben) M1.0 strikes 21 km S of #Martigny-Ville (#Switzerland) 6 min ago. More info: https://t.co/OP6KzVdeLB","Earthquake","Erdbeben","Martigny","Switzerland",,,,,,,,,"1649153675460243473","false","false",,,,,,,,,,,,,,,,,,,,,,,,,,,,,,,,,,,,,,,,,,,,,,,,,,,,,,,,,,,,,,,,,,,,,,,,,,,,,,,,,,,,,,,"0",,"2","https://twitter.com/search?q=earthquake&src=typed_query&f=live","https://twitter.com/EMSC/status/1649153675460243473","emsc-csem.org/Earthquake/ear…","https://www.emsc-csem.org/Earthquake/earthquake.php?id=1252209","https://t.co/OP6KzVdeLB",,,,,,,,,,,,,,,,,,,,,,,,,,,,,,,,,,,,,,,,,,,,,,,,,,,"172"
"1649153582493495312","2023-04-20T20:50:28.000Z","7","3 hours are left for our fundraising campaign for the victims of the earthquake to end!... Let's donate or at least RT. 🤲

👇👇👇",,,,,,,,,,,,,"1649153582493495312","true","false",,,,,,,,,,,,,,"1649092407718289409","1649092407718289409","2023-04-20T16:47:23.000Z","61","Good news! 😊 We have achieved our goal and we are now 100% funded in our song fundraising campaign for the victims of earthquake. May Allah reward you all for your donations and RT's. 🤲You can still donate if you want as we have 7 hours left. RT.

👇👇

https://t.co/D5etghtHL4 https://t.co/oRX1rN5YoZ","1649092407718289409","false","false",,"https://pbs.twimg.com/ext_tw_video_thumb/1649092005304180736/pu/img/R_a8t9qcNvb76Mt-.jpg","video","https://video.twimg.com/ext_tw_video/1649092005304180736/pu/vid/1280x720/xT_pPhramqwhijOb.mp4?tag=12",,,,,,,,,,"5",,"22","https://twitter.com/TurgayEvren1/status/1649092407718289409","gogetfunding.com/a-song-for-the…","https://gogetfunding.com/a-song-for-the-victims-of-earthquake-in-turkey/","https://t.co/D5etghtHL4",,,,,,,,,,,,,,,,,,,,,,,,,,,,,,,,,,,,,,,,,,,,,"4250","0",,"5","https://twitter.com/search?q=earthquake&src=typed_query&f=live","https://twitter.com/TurgayEvren1/status/1649153582493495312",,,,,,,,,,,,,,,,,,,,,,,,,,,,,,,,,,,,,,,,,,,,,,,,,,,,,,"257"
"1649005259807703041","2023-04-20T20:50:17.000Z","0","@KeithEckersley @Rob_Kimbell Running all the way from Turkey to the UK from an earthquake?",,,,,,,,,,,,,"1649153537400533002","false","false",,,,,,,,,,,,,,,,,,,,,,,,,,,,,,,,,,,,,,,,,,,,,,,,,,,,,,,,,,,,,,,,,,,,,,,,,,,,,,,,,,,,,,,"0","https://twitter.com/KeithEckersley/status/1649067806137122816","0","https://twitter.com/search?q=earthquake&src=typed_query&f=live","https://twitter.com/PepticSkepticUK/status/1649153537400533002",,,,,,,,,,"832642764","Keith Eckersley","https://twitter.com/KeithEckersley","KeithEckersley","555370896","Robert Kimbell","https://twitter.com/Rob_Kimbell","Rob_Kimbell",,,,,,,,,,,,,,,,,,,,,,,,,,,,,,,,,,,,,"9"
"1649153473139859456","2023-04-20T20:50:02.000Z","0","I feel an earthquake coming to the Liars in the media business and Congress.",,,,,,,,,,,,,"1649153473139859456","true","false",,,,,,,,,,,,,,"1649128124423225344","1649128124423225344","2023-04-20T19:09:18.000Z","861","Maria Bartiromo &amp; Jeanine Pirro to be the first court certified liars to be fired from Fox*News

*Liars https://t.co/FJLzzIGr6p","1649128124423225344","false","false","https://video.twimg.com/tweet_video/FuLhSUXaYAAcc7I.mp4","https://pbs.twimg.com/tweet_video_thumb/FuLhSUXaYAAcc7I.jpg","animated_gif",,,,,,,,,,,"70",,"171","https://twitter.com/piyushmittal/status/1649128124423225344",,,,,,,,,,,,,,,,,,,,,,,,,,,,,,,,,,,,,,,,,,,,,,,,"20520","0",,"0","https://twitter.com/search?q=earthquake&src=typed_query&f=live","https://twitter.com/stevejetcity/status/1649153473139859456",,,,,,,,,,,,,,,,,,,,,,,,,,,,,,,,,,,,,,,,,,,,,,,,,,,,,,"5"
"1649153436275863561","2023-04-20T20:49:53.000Z","1","New #Earthquake. 🌎
4.4 (Mb) - 50 km al suroeste de Zacatecoluca - El Salvador.
2023/04/14 15:55:30 UTC.
App: https://t.co/RblVNxZYn8
#Zacatecoluca #ElSalvador #earthquake #sismo #temblor #terremoto https://t.co/W44uAQzwD0","Earthquake","Zacatecoluca","ElSalvador","earthquake","sismo","temblor","terremoto",,,,,,"1649153436275863561","false","false",,"https://pbs.twimg.com/media/FuL4T79WcBIl24k.jpg","photo",,,,,,,,,,,,,,,,,,,,,,,,,,,,,,,,,,,,,,,,,,,,,,,,,,,,,,,,,,,,,,,,,,,,,,,,,,,,,,,,,,,,"0",,"1","https://twitter.com/search?q=earthquake&src=typed_query&f=live","https://twitter.com/ChileAlertaApp/status/1649153436275863561","goo.gl/XWHGvS","http://goo.gl/XWHGvS","https://t.co/RblVNxZYn8",,,,,,,,,,,,,,,,,,,,,,,,,,,,,,,,,,,,,,,,,,,,,,,,,,,"243"
"1649153273205518361","2023-04-20T20:49:14.000Z","11","#Earthquake (#potres) possibly felt 24 sec ago in #Croatia. Felt it? Tell us via:
📱https://t.co/LBaVNedgF9
🌐https://t.co/AXvOM7I4Th
🖥https://t.co/wPtMW5ND1t
⚠ Automatic crowdsourced detection, not seismically verified yet. More info soon! https://t.co/tbgEV69F6e","Earthquake","potres","Croatia",,,,,,,,,,"1649153273205518361","false","false",,"https://pbs.twimg.com/media/FuL4KVfWYAIV58x.png","photo",,,,,,,,,,,,,,,,,,,,,,,,,,,,,,,,,,,,,,,,,,,,,,,,,,,,,,,,,,,,,,,,,,,,,,,,,,,,,,,,,,,,"2",,"2","https://twitter.com/search?q=earthquake&src=typed_query&f=live","https://twitter.com/LastQuake/status/1649153273205518361","emsc-csem.org/service/applic…","https://www.emsc-csem.org/service/application/","https://t.co/LBaVNedgF9","m.emsc.eu","https://m.emsc.eu","https://t.co/AXvOM7I4Th","emsc-csem.org","https://www.emsc-csem.org","https://t.co/wPtMW5ND1t",,,,,,,,,,,,,,,,,,,,,,,,,,,,,,,,,,,,,,,,,,,,,"2716"
"1649080669409267712","2023-04-20T20:49:00.000Z","0","@AstroAmigo There's a institute who researches and analyses the effects of planets  on earthquake.

@ hogrbe (Frank Hoogerbeets)- Had warned about Turkey earthquake in Jan 2023.",,,,,,,,,,,,,"1649153212962701312","false","false",,,,,,,,,,,,,,,,,,,,,,,,,,,,,,,,,,,,,,,,,,,,,,,,,,,,,,,,,,,,,,,,,,,,,,,,,,,,,,,,,,,,,,,"0","https://twitter.com/AstroAmigo/status/1649080669409267712","0","https://twitter.com/search?q=earthquake&src=typed_query&f=live","https://twitter.com/FLINTSTENEN/status/1649153212962701312",,,,,,,,,,"1026775793895124993","Priyanka (Astrology Guidance)","https://twitter.com/AstroAmigo","AstroAmigo",,,,,,,,,,,,,,,,,,,,,,,,,,,,,,,,,,,,,,,,,"15"
"1649127908177481729","2023-04-20T20:48:19.000Z","1","@chocscotty Didn’t something similar happen after the Christchurch earthquakes? Sometimes I wonder if some charities get a bit ivory tower over time, and end up feathering the head office nest rather than actually delivering much grassroots assistance.",,,,,,,,,,,,,"1649153042540036097","false","false",,,,,,,,,,,,,,,,,,,,,,,,,,,,,,,,,,,,,,,,,,,,,,,,,,,,,,,,,,,,,,,,,,,,,,,,,,,,,,,,,,,,,,,"1","https://twitter.com/chocscotty/status/1649127908177481729","0","https://twitter.com/search?q=earthquake&src=typed_query&f=live","https://twitter.com/marina_d55/status/1649153042540036097",,,,,,,,,,"1394134733211111426","Chocscotty 🇳🇿🏴󠁧󠁢󠁳󠁣󠁴󠁿","https://twitter.com/chocscotty","chocscotty",,,,,,,,,,,,,,,,,,,,,,,,,,,,,,,,,,,,,,,,,"16"
"1649153005776695321","2023-04-20T20:48:11.000Z","0","Dear @elonmusk: This is wrong. This individual @BaranKk20 has been selflessly spending his own money and his teams’ time for earthquake relief and recovery in Turkey since Day 1. Please reinstate his account.",,,,,,,,,,,,,"1649153005776695321","false","false",,,,,,,,,,,,,,,,,,,,,,,,,,,,,,,,,,,,,,,,,,,,,,,,,,,,,,,,,,,,,,,,,,,,,,,,,,,,,,,,,,,,,,,"0",,"0","https://twitter.com/search?q=earthquake&src=typed_query&f=live","https://twitter.com/NNeolduk/status/1649153005776695321",,,,,,,,,,"44196397","Elon Musk","https://twitter.com/elonmusk","elonmusk","1196149993121472517","Volkan OKÇU","https://twitter.com/BaranKk20","BaranKk20",,,,,,,,,,,,,,,,,,,,,,,,,,,,,,,,,,,,,"14"
"1649152545967730696","2023-04-20T20:48:06.000Z","0","Like it’s one event after the next! A earthquake, then a tsunami, chimney almost die, Maddie kidnapped, buck stuck in the tsunami, Eddie get shot like DAMN",,,,,,,,,,,,,"1649152985438515244","false","false",,,,,,,,,,,,,,,,,,,,,,,,,,,,,,,,,,,,,,,,,,,,,,,,,,,,,,,,,,,,,,,,,,,,,,,,,,,,,,,,,,,,,,,"0","https://twitter.com/_4everkya/status/1649152545967730696","0","https://twitter.com/search?q=earthquake&src=typed_query&f=live","https://twitter.com/_4everkya/status/1649152985438515244",,,,,,,,,,,,,,,,,,,,,,,,,,,,,,,,,,,,,,,,,,,,,,,,,,,,,,"27"
"1649150603065454612","2023-04-20T20:47:08.000Z","2","@kernelDecoy @ThoughtSlime What qualifies as a good application in your eyes? We have earthquake and cancer detection using AI.",,,,,,,,,,,,,"1649152742957412357","false","false",,,,,,,,,,,,,,,,,,,,,,,,,,,,,,,,,,,,,,,,,,,,,,,,,,,,,,,,,,,,,,,,,,,,,,,,,,,,,,,,,,,,,,,"1","https://twitter.com/kernelDecoy/status/1649151763482570777","0","https://twitter.com/search?q=earthquake&src=typed_query&f=live","https://twitter.com/beta_co_/status/1649152742957412357",,,,,,,,,,"799731598279184385","Kernel","https://twitter.com/kernelDecoy","kernelDecoy","869651585856675840","Thought Slime","https://twitter.com/ThoughtSlime","ThoughtSlime",,,,,,,,,,,,,,,,,,,,,,,,,,,,,,,,,,,,,"16"
"1649134758079893504","2023-04-20T20:47:03.000Z","0","@rachaelking70 @geonet Yes. I made a tangential reference to earthquake monitoring when I tweeted about it a few days ago, thinking that might be a consequence……😞 A shame to smash good services.",,,,,,,,,,,,,"1649152724339138560","false","false",,,,,,,,,,,,,,,,,,,,,,,,,,,,,,,,,,,,,,,,,,,,,,,,,,,,,,,,,,,,,,,,,,,,,,,,,,,,,,,,,,,,,,,"0","https://twitter.com/rachaelking70/status/1649136869047955456","0","https://twitter.com/search?q=earthquake&src=typed_query&f=live","https://twitter.com/BioinfoTools/status/1649152724339138560",,,,,,,,,,"42285473","Rachael King","https://twitter.com/rachaelking70","rachaelking70","18652344","GeoNet","https://twitter.com/geonet","geonet",,,,,,,,,,,,,,,,,,,,,,,,,,,,,,,,,,,,,"12"
"1649152717267300353","2023-04-20T20:47:02.000Z","0","I wait and see what California looks like if the big one hits..
#Highalert 
🌎 Earthquake 

Those Marxist Commie Badturds will shit a brick when it does..
Only this time, no one will get a flying fk..lolol
Here comes more homeless ppl..🫣","Highalert",,,,,,,,,,,,"1649152717267300353","true","false",,,,,,,,,,,,,,"1649083220007305222","1649069127007363072","2023-04-20T16:10:52.000Z","1","@chris_zman florida? 🤡 https://t.co/5XitOlAXhP","1649083220007305222","false","false",,"https://pbs.twimg.com/ext_tw_video_thumb/1649083050897166336/pu/img/xjeAmrBVtr96WfhU.jpg","video","https://video.twimg.com/ext_tw_video/1649083050897166336/pu/vid/720x1240/Y2DxW04H8OBr7x9H.mp4?tag=12","https://pbs.twimg.com/ext_tw_video_thumb/1649083050892861440/pu/img/nanbSRJmNKIH7bqj.jpg","video","https://video.twimg.com/ext_tw_video/1649083050892861440/pu/vid/704x1280/WGUGJm6YUbs_GROZ.mp4?tag=12","https://pbs.twimg.com/ext_tw_video_thumb/1649083050892967937/pu/img/Ntm86u-HEv0RBt-u.jpg","video","https://video.twimg.com/ext_tw_video/1649083050892967937/pu/vid/712x1280/7n43qnuVBvPYusSR.mp4?tag=12","https://pbs.twimg.com/ext_tw_video_thumb/1649083050918068226/pu/img/h6NL5_BBUdyiyXMa.jpg","video","https://video.twimg.com/ext_tw_video/1649083050918068226/pu/vid/666x1280/QpIS9XoM2knVwJ5P.mp4?tag=12","0","https://twitter.com/chris_zman/status/1649069127007363072","0","https://twitter.com/MrMatthewTodd/status/1649083220007305222",,,,"1519029052476116992","Chris Zman","https://twitter.com/chris_zman","chris_zman",,,,,,,,,,,,,,,,,,,,,,,,,,,,,,,,,,,,,,,,,"52","0",,"0","https://twitter.com/search?q=earthquake&src=typed_query&f=live","https://twitter.com/chris_zman/status/1649152717267300353",,,,,,,,,,,,,,,,,,,,,,,,,,,,,,,,,,,,,,,,,,,,,,,,,,,,,,"19"
"1649151835977187330","2023-04-20T20:46:30.000Z","0","@shaylarz Eeek no way but I rarely feel earthquakes where I live",,,,,,,,,,,,,"1649152585725779970","false","false",,,,,,,,,,,,,,,,,,,,,,,,,,,,,,,,,,,,,,,,,,,,,,,,,,,,,,,,,,,,,,,,,,,,,,,,,,,,,,,,,,,,,,,"1","https://twitter.com/shaylarz/status/1649152246964187143","0","https://twitter.com/search?q=earthquake&src=typed_query&f=live","https://twitter.com/MandyNicole38/status/1649152585725779970",,,,,,,,,,"121649032","commissioner shayla🧾","https://twitter.com/shaylarz","shaylarz",,,,,,,,,,,,,,,,,,,,,,,,,,,,,,,,,,,,,,,,,"23"
"1649111528845475860","2023-04-20T20:46:10.000Z","0","@Rifleman4WVU The 15 min  kill box, one good zap from HAARP and another Turkey earthquake. So they can get rid of what were we called by Yuval Harari, oh yes useless eaters. No cars, restricted travel, then forced injections etc and if you don't comply???say no to digital cash. No surveillance",,,,,,,,,,,,,"1649152499264155671","false","false",,,,,,,,,,,,,,,,,,,,,,,,,,,,,,,,,,,,,,,,,,,,,,,,,,,,,,,,,,,,,,,,,,,,,,,,,,,,,,,,,,,,,,,"0","https://twitter.com/Rifleman4WVU/status/1649111528845475860","0","https://twitter.com/search?q=earthquake&src=typed_query&f=live","https://twitter.com/MyTruthMyBody/status/1649152499264155671",,,,,,,,,,"55330244","T","https://twitter.com/Rifleman4WVU","Rifleman4WVU",,,,,,,,,,,,,,,,,,,,,,,,,,,,,,,,,,,,,,,,,"15"
"1649128124423225344","2023-04-20T19:09:18.000Z","861","Maria Bartiromo &amp; Jeanine Pirro to be the first court certified liars to be fired from Fox*News

*Liars https://t.co/FJLzzIGr6p",,,,,,,,,,,,,"1649128124423225344","false","false","https://video.twimg.com/tweet_video/FuLhSUXaYAAcc7I.mp4","https://pbs.twimg.com/tweet_video_thumb/FuLhSUXaYAAcc7I.jpg","animated_gif",,,,,,,,,,,,,,,,,,,,,,,,,,,,,,,,,,,,,,,,,,,,,,,,,,,,,,,,,,,,,,,,,,,,,,,,,,,,,,,,,,,,"70",,"171","https://twitter.com/search?q=earthquake&src=typed_query&f=live","https://twitter.com/piyushmittal/status/1649128124423225344",,,,,,,,,,,,,,,,,,,,,,,,,,,,,,,,,,,,,,,,,,,,,,,,,,,,,,"20520"
"1649092407718289409","2023-04-20T16:47:23.000Z","61","Good news! 😊 We have achieved our goal and we are now 100% funded in our song fundraising campaign for the victims of earthquake. May Allah reward you all for your donations and RT's. 🤲You can still donate if you want as we have 7 hours left. RT.

👇👇

https://t.co/D5etghtHL4 https://t.co/oRX1rN5YoZ",,,,,,,,,,,,,"1649092407718289409","false","false",,"https://pbs.twimg.com/ext_tw_video_thumb/1649092005304180736/pu/img/R_a8t9qcNvb76Mt-.jpg","video","https://video.twimg.com/ext_tw_video/1649092005304180736/pu/vid/1280x720/xT_pPhramqwhijOb.mp4?tag=12",,,,,,,,,,,,,,,,,,,,,,,,,,,,,,,,,,,,,,,,,,,,,,,,,,,,,,,,,,,,,,,,,,,,,,,,,,,,,,,,,,,"5",,"22","https://twitter.com/search?q=earthquake&src=typed_query&f=live","https://twitter.com/TurgayEvren1/status/1649092407718289409","gogetfunding.com/a-song-for-the…","https://gogetfunding.com/a-song-for-the-victims-of-earthquake-in-turkey/","https://t.co/D5etghtHL4",,,,,,,,,,,,,,,,,,,,,,,,,,,,,,,,,,,,,,,,,,,,,,,,,,,"4250"
"1649069127007363072","2023-04-20T16:10:52.000Z","1","@chris_zman florida? 🤡 https://t.co/5XitOlAXhP",,,,,,,,,,,,,"1649083220007305222","false","false",,"https://pbs.twimg.com/ext_tw_video_thumb/1649083050897166336/pu/img/xjeAmrBVtr96WfhU.jpg","video","https://video.twimg.com/ext_tw_video/1649083050897166336/pu/vid/720x1240/Y2DxW04H8OBr7x9H.mp4?tag=12","https://pbs.twimg.com/ext_tw_video_thumb/1649083050892861440/pu/img/nanbSRJmNKIH7bqj.jpg","video","https://video.twimg.com/ext_tw_video/1649083050892861440/pu/vid/704x1280/WGUGJm6YUbs_GROZ.mp4?tag=12","https://pbs.twimg.com/ext_tw_video_thumb/1649083050892967937/pu/img/Ntm86u-HEv0RBt-u.jpg","video","https://video.twimg.com/ext_tw_video/1649083050892967937/pu/vid/712x1280/7n43qnuVBvPYusSR.mp4?tag=12","https://pbs.twimg.com/ext_tw_video_thumb/1649083050918068226/pu/img/h6NL5_BBUdyiyXMa.jpg","video","https://video.twimg.com/ext_tw_video/1649083050918068226/pu/vid/666x1280/QpIS9XoM2knVwJ5P.mp4?tag=12",,,,,,,,,,,,,,,,,,,,,,,,,,,,,,,,,,,,,,,,,,,,,,,,,,,,,,,,,,,,,,,,,,,,,,,,,,"0","https://twitter.com/chris_zman/status/1649069127007363072","0","https://twitter.com/search?q=earthquake&src=typed_query&f=live","https://twitter.com/MrMatthewTodd/status/1649083220007305222",,,,,,,,,,"1519029052476116992","Chris Zman","https://twitter.com/chris_zman","chris_zman",,,,,,,,,,,,,,,,,,,,,,,,,,,,,,,,,,,,,,,,,"52"
"1649154477201424387","2023-04-20T20:54:01.000Z","0","Flood insurance of the future: 5 businesses receive $1.5M to test innovations in Hampton Roads https://t.co/7vLYiwnyi2",,,,,,,,,,,,,"1649154477201424387","false","false",,,,,,,,,,,,,,,,,,,,,,,,,,,,,,,,,,,,,,,,,,,,,,,,,,,,,,,,,,,,,,,,,,,,,,,,,,,,,,,,,,,,,,,"0",,"0","https://twitter.com/search?q=flood&src=typed_query&f=live","https://twitter.com/anobleDC/status/1649154477201424387","pilotonline.com/inside-busines…","https://www.pilotonline.com/inside-business/vp-ib-rise-winners-0424-20230419-mvbf4b6gd5cuppy7wvsbn2uyje-story.html","https://t.co/7vLYiwnyi2",,,,,,,,,,,,,,,,,,,,,,,,,,,,,,,,,,,,,,,,,,,,,,,,,,,"24"
"1649076505484627968","2023-04-20T15:44:11.000Z","1417","อ่ย ไอเร้กเอ้ยยย🤏🏻 https://t.co/ur2UNb4FG5",,,,,,,,,,,,,"1649076505484627968","false","false",,"https://pbs.twimg.com/amplify_video_thumb/1649076338870095873/img/GIC5SUd1Jw69cLsa.jpg","video","https://video.twimg.com/amplify_video/1649076338870095873/vid/720x1280/HOlEVsrg0kJ0EVlG.mp4?tag=16",,,,,,,,,,,,,,,,,,,,,,,,,,,,,,,,,,,,,,,,,,,,,,,,,,,,,,,,,,,,,,,,,,,,,,,,,,,,,,,,,,,"2",,"486","https://twitter.com/search?q=earthquake&src=typed_query&f=live","https://twitter.com/_alifyou7/status/1649076505484627968",,,,,,,,,,,,,,,,,,,,,,,,,,,,,,,,,,,,,,,,,,,,,,,,,,,,,,"17816"
"1649154474798088192","2023-04-20T20:54:01.000Z","0","Anyone have the list of “no” voters? We need to flood the Ethernet with it!",,,,,,,,,,,,,"1649154474798088192","true","false",,,,,,,,,,,,,,"1649125827630465051","1649125827630465051","2023-04-20T19:00:11.000Z","1180","BLOWING THE WHISTLE: @Riley_Gaines_  tells Fox News' @HARRISFAULKNER that Democrats' votes against the 'Save women's sports' bill could have huge ramifications during the next election. https://t.co/t8lbOVekVL","1649125827630465051","false","false",,"https://pbs.twimg.com/media/FuLfM3jWACck3Cn.jpg","photo",,,,,,,,,,,"217",,"255","https://twitter.com/FoxNews/status/1649125827630465051",,,,"1589986640587640834","Riley Gaines","https://twitter.com/Riley_Gaines_","Riley_Gaines_","18313747","HARRISFAULKNER","https://twitter.com/HARRISFAULKNER","HARRISFAULKNER",,,,,,,,,,,,,,,,,,,,,,,,,,,,,,,,,,,,,"63189","0",,"0","https://twitter.com/search?q=flood&src=typed_query&f=live","https://twitter.com/RiverVic1974/status/1649154474798088192",,,,,,,,,,,,,,,,,,,,,,,,,,,,,,,,,,,,,,,,,,,,,,,,,,,,,,
"1649137398956060676","2023-04-20T20:54:00.000Z","1","@SixoTF not to get into the IDW weeds but the idea of the functionists / alt-form determines your place in society is a powerful one, and in two minutes would inspire a flood of Cars memes",,,,,,,,,,,,,"1649154469857304576","false","false",,,,,,,,,,,,,,,,,,,,,,,,,,,,,,,,,,,,,,,,,,,,,,,,,,,,,,,,,,,,,,,,,,,,,,,,,,,,,,,,,,,,,,,"0","https://twitter.com/SixoTF/status/1649137398956060676","1","https://twitter.com/search?q=flood&src=typed_query&f=live","https://twitter.com/SuperMechaDad/status/1649154469857304576",,,,,,,,,,"4342242141","Sixo","https://twitter.com/SixoTF","SixoTF",,,,,,,,,,,,,,,,,,,,,,,,,,,,,,,,,,,,,,,,,"13"
"1649152534869602386","2023-04-20T20:53:55.000Z","0","@WhetstoneSDP @YvetteHenson Because we don’t have air raid sirens anymore and on top of that we have no way of warning people about heavy floods, extreme weather events, etc. and we also have had wild fires.",,,,,,,,,,,,,"1649154451158999040","false","false",,,,,,,,,,,,,,,,,,,,,,,,,,,,,,,,,,,,,,,,,,,,,,,,,,,,,,,,,,,,,,,,,,,,,,,,,,,,,,,,,,,,,,,"0","https://twitter.com/WhetstoneSDP/status/1649152534869602386","0","https://twitter.com/search?q=flood&src=typed_query&f=live","https://twitter.com/ollyzter/status/1649154451158999040",,,,,,,,,,"1080559115754184705","Daniel WhetstoneSDP","https://twitter.com/WhetstoneSDP","WhetstoneSDP","382559030","Yvette Henson🗽","https://twitter.com/YvetteHenson","YvetteHenson",,,,,,,,,,,,,,,,,,,,,,,,,,,,,,,,,,,,,"4"
"1648522348675633152","2023-04-20T20:53:43.000Z","0","@Bikery1966 @davenlois1 It's following the route of what looks like a flood barrier",,,,,,,,,,,,,"1649154400055689216","false","false",,,,,,,,,,,,,,,,,,,,,,,,,,,,,,,,,,,,,,,,,,,,,,,,,,,,,,,,,,,,,,,,,,,,,,,,,,,,,,,,,,,,,,,"0","https://twitter.com/Bikery1966/status/1648561907262013441","0","https://twitter.com/search?q=flood&src=typed_query&f=live","https://twitter.com/casbiker/status/1649154400055689216",,,,,,,,,,"1161227247644229633","Bikery","https://twitter.com/Bikery1966","Bikery1966","747100268500754432","MignonDave 🇬🇧🏴󠁧󠁢󠁷󠁬󠁳󠁿🎣🏴󠁧󠁢󠁥󠁮󠁧󠁿🚴‍♀️","https://twitter.com/davenlois1","davenlois1",,,,,,,,,,,,,,,,,,,,,,,,,,,,,,,,,,,,,"1"
"1649154394120916992","2023-04-20T20:53:42.000Z","0","#nowplaying  Choclatina (smokewithme) Prod. by Argov by Argov x Nowaah The Flood https://t.co/SuTAAg88V3 #hiphop https://t.co/5IEj8VU2A8","nowplaying","hiphop",,,,,,,,,,,"1649154394120916992","false","false",,"https://pbs.twimg.com/media/FuL5LqrWAAANku4.jpg","photo",,,,,,,,,,,,,,,,,,,,,,,,,,,,,,,,,,,,,,,,,,,,,,,,,,,,,,,,,,,,,,,,,,,,,,,,,,,,,,,,,,,,"0",,"0","https://twitter.com/search?q=flood&src=typed_query&f=live","https://twitter.com/DopeHipHopApp/status/1649154394120916992","ift.tt/la5fYoN","https://ift.tt/la5fYoN","https://t.co/SuTAAg88V3",,,,,,,,,,,,,,,,,,,,,,,,,,,,,,,,,,,,,,,,,,,,,,,,,,,"4"
"1649114654390759424","2023-04-20T20:53:36.000Z","0","@DrunkOnSaturday That Alabama slam lol",,,,,,,,,,,,,"1649154372004110341","false","false",,,,,,,,,,,,,,,,,,,,,,,,,,,,,,,,,,,,,,,,,,,,,,,,,,,,,,,,,,,,,,,,,,,,,,,,,,,,,,,,,,,,,,,"0","https://twitter.com/DrunkOnSaturday/status/1649114654390759424","0","https://twitter.com/search?q=flood&src=typed_query&f=live","https://twitter.com/FloodsFinesse/status/1649154372004110341",,,,,,,,,,"1241413305152884739","SSJ Gohan","https://twitter.com/DrunkOnSaturday","DrunkOnSaturday",,,,,,,,,,,,,,,,,,,,,,,,,,,,,,,,,,,,,,,,,"2"
"1649154365305896961","2023-04-20T20:53:35.000Z","0","Flood of Illegals Set To Hit Border as Title 42 Expires  https://t.co/OMstpOz9ud",,,,,,,,,,,,,"1649154365305896961","false","false",,,,,,,,,,,,,,,,,,,,,,,,,,,,,,,,,,,,,,,,,,,,,,,,,,,,,,,,,,,,,,,,,,,,,,,,,,,,,,,,,,,,,,,"0",,"0","https://twitter.com/search?q=flood&src=typed_query&f=live","https://twitter.com/Usaproud19/status/1649154365305896961","freshoffthepress.org/flood-of-illeg…","https://www.freshoffthepress.org/flood-of-illegals-set-to-hit-border-as-title-42-expires/","https://t.co/OMstpOz9ud",,,,,,,,,,,,,,,,,,,,,,,,,,,,,,,,,,,,,,,,,,,,,,,,,,,"8"
"1649138836574728199","2023-04-20T20:53:33.000Z","0","@BrightheartFan @Vampviz We salute our brave warrior who died taking a shit in a flood 🫡",,,,,,,,,,,,,"1649154356623687682","false","false",,,,,,,,,,,,,,,,,,,,,,,,,,,,,,,,,,,,,,,,,,,,,,,,,,,,,,,,,,,,,,,,,,,,,,,,,,,,,,,,,,,,,,,"0","https://twitter.com/BrightheartFan/status/1649140282816905217","0","https://twitter.com/search?q=flood&src=typed_query&f=live","https://twitter.com/Rynneer_/status/1649154356623687682",,,,,,,,,,"1432269384676937728","I kind of lurk here","https://twitter.com/BrightheartFan","BrightheartFan","882241090329423874","VAMPVIZ","https://twitter.com/Vampviz","Vampviz",,,,,,,,,,,,,,,,,,,,,,,,,,,,,,,,,,,,,"3"
"1649154303464992771","2023-04-20T20:53:20.000Z","0","In our South Asia issue, @shaandana, @Mig_L_oureiro and Lewis Sida unpack the factors behind Pakistan’s recurring flood disasters, from climate change to governance failures and unequal access to resources.
https://t.co/7yGTjGKDDw",,,,,,,,,,,,,"1649154303464992771","false","false",,,,,,,,,,,,,,,,,,,,,,,,,,,,,,,,,,,,,,,,,,,,,,,,,,,,,,,,,,,,,,,,,,,,,,,,,,,,,,,,,,,,,,,"0",,"0","https://twitter.com/search?q=flood&src=typed_query&f=live","https://twitter.com/CurrentHistory1/status/1649154303464992771","online.ucpress.edu/currenthistory…","https://online.ucpress.edu/currenthistory/article/122/843/149/195790/What-Lies-Beneath-Pakistan-s-Disastrous-Floods","https://t.co/7yGTjGKDDw",,,,,,,"146342535","Shandana Khan Mohmand","https://twitter.com/shaandana","shaandana","1567114269942059008","Miguel Loureiro","https://twitter.com/Mig_L_oureiro","Mig_L_oureiro",,,,,,,,,,,,,,,,,,,,,,,,,,,,,,,,,,,,,"7"
"1649148230591217664","2023-04-20T20:52:59.000Z","2","These are *hard* questions, but important ones. We have to give people agency, little actions they can take. “Research [IPCC Reports] won’t touch people’s mind + hearts” but “wildfires, heat waves, floods: those get people’s attention.” Speak to what will affect your audience.",,,,,,,,,,,,,"1649154215456182272","false","false",,,,,,,,,,,,,,,,,,,,,,,,,,,,,,,,,,,,,,,,,,,,,,,,,,,,,,,,,,,,,,,,,,,,,,,,,,,,,,,,,,,,,,,"1","https://twitter.com/astrobites/status/1649152878236549120","0","https://twitter.com/search?q=flood&src=typed_query&f=live","https://twitter.com/astrobites/status/1649154215456182272",,,,,,,,,,,,,,,,,,,,,,,,,,,,,,,,,,,,,,,,,,,,,,,,,,,,,,"93"
"1648877484643942409","2023-04-20T20:52:58.000Z","0","@grantstern We all know that DeSantis could have personally stopped the floods with a giant vacuum, right?",,,,,,,,,,,,,"1649154209974038540","false","false",,,,,,,,,,,,,,,,,,,,,,,,,,,,,,,,,,,,,,,,,,,,,,,,,,,,,,,,,,,,,,,,,,,,,,,,,,,,,,,,,,,,,,,"0","https://twitter.com/grantstern/status/1648877484643942409","0","https://twitter.com/search?q=flood&src=typed_query&f=live","https://twitter.com/DuaneLeater/status/1649154209974038540",,,,,,,,,,"19422491","Grant Stern","https://twitter.com/grantstern","grantstern",,,,,,,,,,,,,,,,,,,,,,,,,,,,,,,,,,,,,,,,,
"1649152152055476239","2023-04-20T20:52:41.000Z","0","@folkyeonbin o flood https://t.co/WTP8xoGc2u",,,,,,,,,,,,,"1649154139329363969","false","false",,"https://pbs.twimg.com/media/FuL48icWwAMfLb_.jpg","photo",,,,,,,,,,,,,,,,,,,,,,,,,,,,,,,,,,,,,,,,,,,,,,,,,,,,,,,,,,,,,,,,,,,,,,,,,,,,,,,,,,,,"0","https://twitter.com/folkyeonbin/status/1649152152055476239","0","https://twitter.com/search?q=flood&src=typed_query&f=live","https://twitter.com/hoaxfly/status/1649154139329363969",,,,,,,,,,"1564061073078161408","lano, jurídico jiwoong.","https://twitter.com/folkyeonbin","folkyeonbin",,,,,,,,,,,,,,,,,,,,,,,,,,,,,,,,,,,,,,,,,"3"
"1649154134136823811","2023-04-20T20:52:40.000Z","0","The fourth single ahead of Island of Love’s forthcoming self-titled debut is also their “most ridiculous song”

https://t.co/rzMG7YHsE0",,,,,,,,,,,,,"1649154134136823811","false","false",,,,,,,,,,,,,,,,,,,,,,,,,,,,,,,,,,,,,,,,,,,,,,,,,,,,,,,,,,,,,,,,,,,,,,,,,,,,,,,,,,,,,,,"0",,"0","https://twitter.com/search?q=flood&src=typed_query&f=live","https://twitter.com/floodmagazine/status/1649154134136823811","floodmagazine.com/131186/watch-i…","https://floodmagazine.com/131186/watch-island-of-love-ive-got-the-secret/","https://t.co/rzMG7YHsE0",,,,,,,,,,,,,,,,,,,,,,,,,,,,,,,,,,,,,,,,,,,,,,,,,,,"116"
"1649125827630465051","2023-04-20T19:00:11.000Z","1180","BLOWING THE WHISTLE: @Riley_Gaines_  tells Fox News' @HARRISFAULKNER that Democrats' votes against the 'Save women's sports' bill could have huge ramifications during the next election. https://t.co/t8lbOVekVL",,,,,,,,,,,,,"1649125827630465051","false","false",,"https://pbs.twimg.com/media/FuLfM3jWACck3Cn.jpg","photo",,,,,,,,,,,,,,,,,,,,,,,,,,,,,,,,,,,,,,,,,,,,,,,,,,,,,,,,,,,,,,,,,,,,,,,,,,,,,,,,,,,,"217",,"255","https://twitter.com/search?q=flood&src=typed_query&f=live","https://twitter.com/FoxNews/status/1649125827630465051",,,,,,,,,,"1589986640587640834","Riley Gaines","https://twitter.com/Riley_Gaines_","Riley_Gaines_","18313747","HARRISFAULKNER","https://twitter.com/HARRISFAULKNER","HARRISFAULKNER",,,,,,,,,,,,,,,,,,,,,,,,,,,,,,,,,,,,,"63189"
"1649148266565476352","2023-04-20T20:52:33.000Z","0","@Evan_Flood What about markus allen?",,,,,,,,,,,,,"1649154105267351552","false","false",,,,,,,,,,,,,,,,,,,,,,,,,,,,,,,,,,,,,,,,,,,,,,,,,,,,,,,,,,,,,,,,,,,,,,,,,,,,,,,,,,,,,,,"0","https://twitter.com/Evan_Flood/status/1649148266565476352","0","https://twitter.com/search?q=flood&src=typed_query&f=live","https://twitter.com/Jordan77717233/status/1649154105267351552",,,,,,,,,,"32479849","Evan Flood","https://twitter.com/Evan_Flood","Evan_Flood",,,,,,,,,,,,,,,,,,,,,,,,,,,,,,,,,,,,,,,,,"20"
"1649149343272689665","2023-04-20T20:52:28.000Z","1","@Tomhennessey69 Need a new flood…",,,,,,,,,,,,,"1649154084312678401","false","false",,,,,,,,,,,,,,,,,,,,,,,,,,,,,,,,,,,,,,,,,,,,,,,,,,,,,,,,,,,,,,,,,,,,,,,,,,,,,,,,,,,,,,,"0","https://twitter.com/Tomhennessey69/status/1649149343272689665","0","https://twitter.com/search?q=flood&src=typed_query&f=live","https://twitter.com/TylerDantes3/status/1649154084312678401",,,,,,,,,,"1524226014271913984","Tom Hennessy","https://twitter.com/Tomhennessey69","Tomhennessey69",,,,,,,,,,,,,,,,,,,,,,,,,,,,,,,,,,,,,,,,,"14"
"1649154055917166596","2023-04-20T20:52:21.000Z","0","I think I know why Florida flooded last week. They seeded the storms. Watched it all week in the skies over the Bahamas. I know there was an article after the Queensland floods where they said “oops” bad timing. Hubby is now a believer after seeing it firsthand.",,,,,,,,,,,,,"1649154055917166596","true","false",,,,,,,,,,,,,,"1649058984412708868","1649058984412708868","2023-04-20T14:34:34.000Z","3604","NEW – ABC News Explains How 'Cloud Seeding' is Being Used to Modify Weather Across the U.S.

""There are currently 42 cloud seeding projects across the American West...They fly right into the storm and send microscopic [silver iodide] particles into the clouds...The federal… https://t.co/pL37nzcGkI","1649058984412708868","false","false",,"https://pbs.twimg.com/ext_tw_video_thumb/1649056457654935553/pu/img/ettTatc28He15W6f.jpg","video","https://video.twimg.com/ext_tw_video/1649056457654935553/pu/vid/1280x720/W_kxiTa0aZHHv4qU.mp4?tag=12",,,,,,,,,,"524",,"2518","https://twitter.com/TheChiefNerd/status/1649058984412708868",,,,,,,,,,,,,,,,,,,,,,,,,,,,,,,,,,,,,,,,,,,,,,,,"582866","0",,"0","https://twitter.com/search?q=flood&src=typed_query&f=live","https://twitter.com/kpvsmom/status/1649154055917166596",,,,,,,,,,,,,,,,,,,,,,,,,,,,,,,,,,,,,,,,,,,,,,,,,,,,,,"13"
"1649154035721830401","2023-04-20T20:52:16.000Z","0","Free Shipping 

Check out 2020-21 Obsidian Basketball Tunnel Vision Green Flood Kevin Durant #2 https://t.co/ivvzN4X4ot #eBay via @eBay","eBay",,,,,,,,,,,,"1649154035721830401","false","false",,,,,,,,,,,,,,,,,,,,,,,,,,,,,,,,,,,,,,,,,,,,,,,,,,,,,,,,,,,,,,,,,,,,,,,,,,,,,,,,,,,,,,,"0",,"0","https://twitter.com/search?q=flood&src=typed_query&f=live","https://twitter.com/EliteCollect99/status/1649154035721830401","ebay.com/itm/1450449739…","https://www.ebay.com/itm/145044973932?mkcid=16&mkevt=1&mkrid=711-127632-2357-0&ssspo=a37lqgiqtfe&sssrc=0&ssuid=a37lqgiqtfe&var=&widget_ver=artemis&media=TW","https://t.co/ivvzN4X4ot",,,,,,,"19709040","eBay","https://twitter.com/eBay","eBay",,,,,,,,,,,,,,,,,,,,,,,,,,,,,,,,,,,,,,,,,"56"
"1649153994831347729","2023-04-20T20:52:06.000Z","1","THIS ONE IS HIGHLY SPIRITUAL🤘🏾

SOUNDTRACK: MADE IN PORT HARCOURT - WRONG SEQUENCE 

PREPARE YOUR SPEAKERS, IT'S ABOUT THAT TIME, YANSTAND!?🤘🏾
#WrongSequence #AfroSequence #PH #PortHarcourt #PortHarcourtCityBoys  #FLOOD #Location #Destination #Cruise #Fun  #Love #PortHarcourtCity https://t.co/rARA477k49","WrongSequence","AfroSequence","PH","PortHarcourt","PortHarcourtCityBoys","FLOOD","Location","Destination","Cruise","Fun","Love","PortHarcourtCity","1649153994831347729","false","false",,"https://pbs.twimg.com/ext_tw_video_thumb/1649153849737859073/pu/img/BuPHHV4-CZBtbFrW.jpg","video","https://video.twimg.com/ext_tw_video/1649153849737859073/pu/vid/720x1088/Xm6SBzgVsL1fHoSs.mp4?tag=12",,,,,,,,,,,,,,,,,,,,,,,,,,,,,,,,,,,,,,,,,,,,,,,,,,,,,,,,,,,,,,,,,,,,,,,,,,,,,,,,,,,"0",,"1","https://twitter.com/search?q=flood&src=typed_query&f=live","https://twitter.com/N4_totheWorld/status/1649153994831347729",,,,,,,,,,,,,,,,,,,,,,,,,,,,,,,,,,,,,,,,,,,,,,,,,,,,,,"4"
"1555674940615139330","2023-04-20T20:52:05.000Z","1","@bennastaran o kadar etkilesim aldin ki flood yapmissin hayatim kiskaniyorum",,,,,,,,,,,,,"1649153987675922434","false","false",,,,,,,,,,,,,,,,,,,,,,,,,,,,,,,,,,,,,,,,,,,,,,,,,,,,,,,,,,,,,,,,,,,,,,,,,,,,,,,,,,,,,,,"1","https://twitter.com/bennastaran/status/1649153003977338889","0","https://twitter.com/search?q=flood&src=typed_query&f=live","https://twitter.com/onllyonyaz/status/1649153987675922434",,,,,,,,,,"900326132658171905","Nastaran🕊","https://twitter.com/bennastaran","bennastaran",,,,,,,,,,,,,,,,,,,,,,,,,,,,,,,,,,,,,,,,,"15"
"1649113604388421639","2023-04-20T20:52:02.000Z","0","@punishedmother Is this one of these cites where concerned citizens can flood it with fake info and make it useless ?",,,,,,,,,,,,,"1649153978758844417","false","false",,,,,,,,,,,,,,,,,,,,,,,,,,,,,,,,,,,,,,,,,,,,,,,,,,,,,,,,,,,,,,,,,,,,,,,,,,,,,,,,,,,,,,,"0","https://twitter.com/punishedmother/status/1649113604388421639","0","https://twitter.com/search?q=flood&src=typed_query&f=live","https://twitter.com/Zachary27636551/status/1649153978758844417",,,,,,,,,,"1435320417732988935","Merrick 🦂","https://twitter.com/punishedmother","punishedmother",,,,,,,,,,,,,,,,,,,,,,,,,,,,,,,,,,,,,,,,,"19"
"1648663268922204167","2023-04-20T20:51:56.000Z","0","@MikeHudema Seems to me there was a flood in Noah’s day.    I never heard that blamed on global warming.",,,,,,,,,,,,,"1649153950749188097","false","false",,,,,,,,,,,,,,,,,,,,,,,,,,,,,,,,,,,,,,,,,,,,,,,,,,,,,,,,,,,,,,,,,,,,,,,,,,,,,,,,,,,,,,,"0","https://twitter.com/MikeHudema/status/1648663268922204167","0","https://twitter.com/search?q=flood&src=typed_query&f=live","https://twitter.com/theodoreflader/status/1649153950749188097",,,,,,,,,,"15088481","Mike Hudema","https://twitter.com/MikeHudema","MikeHudema",,,,,,,,,,,,,,,,,,,,,,,,,,,,,,,,,,,,,,,,,
"1648737239332167682","2023-04-20T20:51:51.000Z","0","@bunghole42069 @BrainGremlins I mean this video is kinda sad. He gets dumped off at a house. No backup, and rings the doorbell, instead of, say, kicking in the door, killing his target, and leaving?
When they say they aren’t sending their best, they ain’t kidding.",,,,,,,,,,,,,"1649153931199537154","false","false",,,,,,,,,,,,,,,,,,,,,,,,,,,,,,,,,,,,,,,,,,,,,,,,,,,,,,,,,,,,,,,,,,,,,,,,,,,,,,,,,,,,,,,"1","https://twitter.com/bunghole42069/status/1649131156552712192","0","https://twitter.com/search?q=flood&src=typed_query&f=live","https://twitter.com/Ronin72/status/1649153931199537154",,,,,,,,,,"1638245307673870337","theallmightybungholio","https://twitter.com/bunghole42069","bunghole42069","1575560571889524736","Louis Buchalter","https://twitter.com/BrainGremlins","BrainGremlins",,,,,,,,,,,,,,,,,,,,,,,,,,,,,,,,,,,,,"3"
"1649153897427087361","2023-04-20T20:51:43.000Z","0","AOA sir, jese k dadu larkana jamshoro route se koi bhe train nh chlrahi jb k flood ko 7 months se ziyda time hogya h, ye kb train bahal hugy, kindly Sindh k logo ko facilities den
@CMSindh @PakistanPMDU @ArifAlvi @ImranKhanPTI @ImranRiazKhan @BBhuttoZardari @KhSaad_Rafique",,,,,,,,,,,,,"1649153897427087361","false","false",,,,,,,,,,,,,,,,,,,,,,,,,,,,,,,,,,,,,,,,,,,,,,,,,,,,,,,,,,,,,,,,,,,,,,,,,,,,,,,,,,,,,,,"0",,"0","https://twitter.com/search?q=flood&src=typed_query&f=live","https://twitter.com/MaqsoodAhmed99/status/1649153897427087361",,,,,,,,,,"939804859","CM Sindh","https://twitter.com/CMSindh","CMSindh","1064883039032012801","Pakistan PMDU","https://twitter.com/PakistanPMDU","PakistanPMDU","9959702","Dr. Arif Alvi","https://twitter.com/ArifAlvi","ArifAlvi","122453931","Imran Khan","https://twitter.com/ImranKhanPTI","ImranKhanPTI","1454557225","Imran Khan","https://twitter.com/ImranRiazKhan","ImranRiazKhan","339040963","BilawalBhuttoZardari","https://twitter.com/BBhuttoZardari","BBhuttoZardari","2507863381","Khawaja Saad Rafique","https://twitter.com/KhSaad_Rafique","KhSaad_Rafique",,,,,,,,,,,,,,,,,"2"
"1649148560225497107","2023-04-20T20:51:35.000Z","1","@Habsgirl46 I'm glad",,,,,,,,,,,,,"1649153862048141312","false","false",,,,,,,,,,,,,,,,,,,,,,,,,,,,,,,,,,,,,,,,,,,,,,,,,,,,,,,,,,,,,,,,,,,,,,,,,,,,,,,,,,,,,,,"0","https://twitter.com/Habsgirl46/status/1649148560225497107","0","https://twitter.com/search?q=flood&src=typed_query&f=live","https://twitter.com/William96279744/status/1649153862048141312",,,,,,,,,,"1296953230732283905","SweetD","https://twitter.com/Habsgirl46","Habsgirl46",,,,,,,,,,,,,,,,,,,,,,,,,,,,,,,,,,,,,,,,,"1"
"1649117118305009684","2023-04-20T20:51:23.000Z","1","@DasSchwalbi Yupp, verständlich! Bin es auch leid, ständig alles auf's neue zu erzählen, die allerwenigsten glauben einem. Wenn die Schmerzen länger zu schlimm werden, hilft mir Etoricoxib (macht leider total müde). Tilidin ging gar nicht, extreme Nebenwirkungen (Magenkrämpfe/Erbrechen).",,,,,,,,,,,,,"1649153811397636141","false","false",,,,,,,,,,,,,,,,,,,,,,,,,,,,,,,,,,,,,,,,,,,,,,,,,,,,,,,,,,,,,,,,,,,,,,,,,,,,,,,,,,,,,,,"0","https://twitter.com/DasSchwalbi/status/1649152167368880170","0","https://twitter.com/search?q=flood&src=typed_query&f=live","https://twitter.com/Krueminxler/status/1649153811397636141",,,,,,,,,,"2970405389","Schwalbi","https://twitter.com/DasSchwalbi","DasSchwalbi",,,,,,,,,,,,,,,,,,,,,,,,,,,,,,,,,,,,,,,,,"2"
"1649151835977187330","2023-04-20T20:45:10.000Z","1","@MandyNicole38 After my first earthquake I was ready to return to tornadoes. After my second I made it happen.",,,,,,,,,,,,,"1649152246964187143","false","false",,,,,,,,,,,,,,,,,,,,,,,,,,,,,,,,,,,,,,,,,,,,,,,,,,,,,,,,,,,,,,,,,,,,,,,,,,,,,,,,,,,,,,,"1","https://twitter.com/MandyNicole38/status/1649151835977187330","0","https://twitter.com/search?q=earthquake&src=typed_query&f=live","https://twitter.com/shaylarz/status/1649152246964187143",,,,,,,,,,"1445862852355497986","Mandy","https://twitter.com/MandyNicole38","MandyNicole38",,,,,,,,,,,,,,,,,,,,,,,,,,,,,,,,,,,,,,,,,"34"
"1649152235425656871","2023-04-20T20:45:07.000Z","0","USGS reports a M1.1 earthquake, 5km WNW of Borrego Springs, CA on 4/20/23 @ 20:41:40 UTChttps://t.co/Ww4r7QM9wb#earthquake","earthquake",,,,,,,,,,,,"1649152235425656871","false","false",,,,,,,,,,,,,,,,,,,,,,,,,,,,,,,,,,,,,,,,,,,,,,,,,,,,,,,,,,,,,,,,,,,,,,,,,,,,,,,,,,,,,,,"0",,"0","https://twitter.com/search?q=earthquake&src=typed_query&f=live","https://twitter.com/everyEarthquake/status/1649152235425656871","earthquake.usgs.gov/earthquakes/ev…","https://earthquake.usgs.gov/earthquakes/eventpage/ci40443320","https://t.co/Ww4r7QM9wb",,,,,,,,,,,,,,,,,,,,,,,,,,,,,,,,,,,,,,,,,,,,,,,,,,,"110"
"1649152204828479490","2023-04-20T20:45:00.000Z","0","""I appreciate being able to pause and think about what my 'action steps' during and after an earthquake should be.  I also recently updated my 72-hour kits."" 
~ Karen Maycock, DGO Division of Fleet Operations
#UtahShakeOut #earthquakedrill https://t.co/6QauaNBGaW","UtahShakeOut","earthquakedrill",,,,,,,,,,,"1649152204828479490","false","false",,"https://pbs.twimg.com/media/FuL3DweaIAAagRp.jpg","photo",,,,,,,,,,,,,,,,,,,,,,,,,,,,,,,,,,,,,,,,,,,,,,,,,,,,,,,,,,,,,,,,,,,,,,,,,,,,,,,,,,,,"0",,"0","https://twitter.com/search?q=earthquake&src=typed_query&f=live","https://twitter.com/UtahGovOps/status/1649152204828479490",,,,,,,,,,,,,,,,,,,,,,,,,,,,,,,,,,,,,,,,,,,,,,,,,,,,,,"16"
"1649152170233589763","2023-04-20T20:44:51.000Z","2","89 earthquake",,,,,,,,,,,,,"1649152170233589763","false","false",,,,,,,,,,,,,,,,,,,,,,,,,,,,,,,,,,,,,,,,,,,,,,,,,,,,,,,,,,,,,,,,,,,,,,,,,,,,,,,,,,,,,,,"0",,"1","https://twitter.com/search?q=earthquake&src=typed_query&f=live","https://twitter.com/__BrandonMartel/status/1649152170233589763",,,,,,,,,,,,,,,,,,,,,,,,,,,,,,,,,,,,,,,,,,,,,,,,,,,,,,"198"
"1432884413235347462","2023-04-20T20:44:45.000Z","0","@JoeBiden All these presidents all talk meaningless words. because why did Biden say this while still having soldiers in Syria. Trump is garbage but atleast he was honest it was just about the oil.",,,,,,,,,,,,,"1649152145805963269","false","false",,,,,,,,,,,,,,,,,,,,,,,,,,,,,,,,,,,,,,,,,,,,,,,,,,,,,,,,,,,,,,,,,,,,,,,,,,,,,,,,,,,,,,,"0","https://twitter.com/JoeBiden/status/1432884413235347462","0","https://twitter.com/search?q=earthquake&src=typed_query&f=live","https://twitter.com/10earthquakes/status/1649152145805963269",,,,,,,,,,"939091","Joe Biden","https://twitter.com/JoeBiden","JoeBiden",,,,,,,,,,,,,,,,,,,,,,,,,,,,,,,,,,,,,,,,,"13"
