"conversation_id","created_at","favorite_count","full_text","hashtags/0","hashtags/1","hashtags/2","hashtags/3","hashtags/4","hashtags/5","hashtags/6","hashtags/7","hashtags/8","id","is_quote_tweet","is_retweet","media/0/gif_url","media/0/media_url","media/0/type","media/0/video_url","media/1/media_url","media/1/type","media/2/media_url","media/2/type","media/3/media_url","media/3/type","quoted_tweet/#sort_index","quoted_tweet/conversation_id","quoted_tweet/created_at","quoted_tweet/favorite_count","quoted_tweet/full_text","quoted_tweet/hashtags/0","quoted_tweet/hashtags/1","quoted_tweet/hashtags/2","quoted_tweet/id","quoted_tweet/is_quote_tweet","quoted_tweet/is_retweet","quoted_tweet/media/0/media_url","quoted_tweet/media/0/type","quoted_tweet/media/0/video_url","quoted_tweet/reply_count","quoted_tweet/replying_to_tweet","quoted_tweet/retweet_count","quoted_tweet/url","quoted_tweet/user_mentions/0/id_str","quoted_tweet/user_mentions/0/name","quoted_tweet/user_mentions/0/profile","quoted_tweet/user_mentions/0/screen_name","quoted_tweet/user_mentions/1/id_str","quoted_tweet/user_mentions/1/name","quoted_tweet/user_mentions/1/profile","quoted_tweet/user_mentions/1/screen_name","quoted_tweet/user_mentions/2/id_str","quoted_tweet/user_mentions/2/name","quoted_tweet/user_mentions/2/profile","quoted_tweet/user_mentions/2/screen_name","quoted_tweet/user_mentions/3/id_str","quoted_tweet/user_mentions/3/name","quoted_tweet/user_mentions/3/profile","quoted_tweet/user_mentions/3/screen_name","quoted_tweet/user_mentions/4/id_str","quoted_tweet/user_mentions/4/name","quoted_tweet/user_mentions/4/profile","quoted_tweet/user_mentions/4/screen_name","quoted_tweet/user_mentions/5/id_str","quoted_tweet/user_mentions/5/name","quoted_tweet/user_mentions/5/profile","quoted_tweet/user_mentions/5/screen_name","quoted_tweet/user_mentions/6/id_str","quoted_tweet/user_mentions/6/name","quoted_tweet/user_mentions/6/profile","quoted_tweet/user_mentions/6/screen_name","quoted_tweet/user_mentions/7/id_str","quoted_tweet/user_mentions/7/name","quoted_tweet/user_mentions/7/profile","quoted_tweet/user_mentions/7/screen_name","quoted_tweet/user_mentions/8/id_str","quoted_tweet/user_mentions/8/name","quoted_tweet/user_mentions/8/profile","quoted_tweet/user_mentions/8/screen_name","quoted_tweet/user_mentions/9/id_str","quoted_tweet/user_mentions/9/name","quoted_tweet/user_mentions/9/profile","quoted_tweet/user_mentions/9/screen_name","quoted_tweet/user_mentions/10/id_str","quoted_tweet/user_mentions/10/name","quoted_tweet/user_mentions/10/profile","quoted_tweet/user_mentions/10/screen_name","quoted_tweet/view_count","reply_count","replying_to_tweet","retweet_count","startUrl","url","urls/0/display_url","urls/0/expanded_url","urls/0/url","urls/1/display_url","urls/1/expanded_url","urls/1/url","user_mentions/0/id_str","user_mentions/0/name","user_mentions/0/profile","user_mentions/0/screen_name","user_mentions/1/id_str","user_mentions/1/name","user_mentions/1/profile","user_mentions/1/screen_name","user_mentions/2/id_str","user_mentions/2/name","user_mentions/2/profile","user_mentions/2/screen_name","user_mentions/3/id_str","user_mentions/3/name","user_mentions/3/profile","user_mentions/3/screen_name","user_mentions/4/id_str","user_mentions/4/name","user_mentions/4/profile","user_mentions/4/screen_name","user_mentions/5/id_str","user_mentions/5/name","user_mentions/5/profile","user_mentions/5/screen_name","user_mentions/6/id_str","user_mentions/6/name","user_mentions/6/profile","user_mentions/6/screen_name","user_mentions/7/id_str","user_mentions/7/name","user_mentions/7/profile","user_mentions/7/screen_name","user_mentions/8/id_str","user_mentions/8/name","user_mentions/8/profile","user_mentions/8/screen_name","user_mentions/9/id_str","user_mentions/9/name","user_mentions/9/profile","user_mentions/9/screen_name","user_mentions/10/id_str","user_mentions/10/name","user_mentions/10/profile","user_mentions/10/screen_name","user_mentions/11/id_str","user_mentions/11/name","user_mentions/11/profile","user_mentions/11/screen_name","user_mentions/12/id_str","user_mentions/12/name","user_mentions/12/profile","user_mentions/12/screen_name","view_count"
"1649156170265796608","2023-04-20T21:00:45.000Z","0","After the earthquake in Turkey, Grace and her three children were left to roam the streets with other survivors. Right now, YOU can help...

Send a box of food to a family of earthquake survivors in Turkey for just $17!

https://t.co/zCFWAWrDIa

#OB #TurkeyEarthquake2023","OB","TurkeyEarthquake2023",,,,,,,,"1649156170265796608","false","false",,,,,,,,,,,,,,,,,,,,,,,,,,,,,,,,,,,,,,,,,,,,,,,,,,,,,,,,,,,,,,,,,,,,,,,,,,"0",,"0","https://twitter.com/search?q=earthquake&src=typed_query&f=live","https://twitter.com/operationbless/status/1649156170265796608","go.ob.org/TurkeyFoodBoxe…","https://go.ob.org/TurkeyFoodBoxesTW","https://t.co/zCFWAWrDIa",,,,,,,,,,,,,,,,,,,,,,,,,,,,,,,,,,,,,,,,,,,,,,,,,,,,,,,,
"1649156051504168960","2023-04-20T21:00:17.000Z","0","Actualización de informe sísmico. 🇨🇱
2.9 (Ml) - 17 km al oeste de Andacollo.
2023/04/20 16:23:42
App: https://t.co/RblVNxZYn8
#Andacollo #earthquake #sismo #temblor #terremoto #CSN #GUC
@reddeemergencia https://t.co/TNlMn5MSug","Andacollo","earthquake","sismo","temblor","terremoto","CSN","GUC",,,"1649156051504168960","false","false",,"https://pbs.twimg.com/media/FuL6sJSX0AQtEi6.jpg","photo",,,,,,,,,,,,,,,,,,,,,,,,,,,,,,,,,,,,,,,,,,,,,,,,,,,,,,,,,,,,,,,,,,,,,,,"0",,"0","https://twitter.com/search?q=earthquake&src=typed_query&f=live","https://twitter.com/ChileAlertaApp/status/1649156051504168960","goo.gl/XWHGvS","http://goo.gl/XWHGvS","https://t.co/RblVNxZYn8",,,,"157764316","Red de Emergencia ONG","https://twitter.com/reddeemergencia","reddeemergencia",,,,,,,,,,,,,,,,,,,,,,,,,,,,,,,,,,,,,,,,,,,,,,,,,"5"
"1649153273205518361","2023-04-20T21:00:11.000Z","0","Felt the #earthquake (#potres) in #Zagreb - Centar and want to talk about it? Join us on https://t.co/an1GUsPmL3 and share your experience! Meet eye-witnesses &amp; seismologists and talk about #earthquakes, #tsunamis and all the fascinating topics you're interested in: https://t.co/YtYMedA3ap","earthquake","potres","Zagreb","earthquakes","tsunamis",,,,,"1649156027948908544","false","false",,"https://pbs.twimg.com/media/FuL6qtcWIAANnH8.jpg","photo",,,,,,,,,,,,,,,,,,,,,,,,,,,,,,,,,,,,,,,,,,,,,,,,,,,,,,,,,,,,,,,,,,,,,,,"0","https://twitter.com/LastQuake/status/1649155770116628480","0","https://twitter.com/search?q=earthquake&src=typed_query&f=live","https://twitter.com/LastQuake/status/1649156027948908544","lastquakers.eu","http://lastquakers.eu","https://t.co/an1GUsPmL3",,,,,,,,,,,,,,,,,,,,,,,,,,,,,,,,,,,,,,,,,,,,,,,,,,,,,,,,"55"
"1649155995887894534","2023-04-20T21:00:03.000Z","0","#earthquake Magnitudo 4.8 - Samoa Islands region (56 minutes 33 seconds ago)","earthquake",,,,,,,,,"1649155995887894534","false","false",,,,,,,,,,,,,,,,,,,,,,,,,,,,,,,,,,,,,,,,,,,,,,,,,,,,,,,,,,,,,,,,,,,,,,,,,,"0",,"0","https://twitter.com/search?q=earthquake&src=typed_query&f=live","https://twitter.com/rhehost/status/1649155995887894534",,,,,,,,,,,,,,,,,,,,,,,,,,,,,,,,,,,,,,,,,,,,,,,,,,,,,,,,,,,"4"
"1649155994033999872","2023-04-20T21:00:03.000Z","0","Temblor -  M 4.8 - 163 km SSE of Mata-Utu, Wallis and Futuna https://t.co/vJOMkQnU2t #Earthquake #Temblor","Earthquake","Temblor",,,,,,,,"1649155994033999872","false","false",,,,,,,,,,,,,,,,,,,,,,,,,,,,,,,,,,,,,,,,,,,,,,,,,,,,,,,,,,,,,,,,,,,,,,,,,,"0",,"0","https://twitter.com/search?q=earthquake&src=typed_query&f=live","https://twitter.com/TodoTiempo/status/1649155994033999872","dlvr.it/Smq2GG","http://dlvr.it/Smq2GG","https://t.co/vJOMkQnU2t",,,,,,,,,,,,,,,,,,,,,,,,,,,,,,,,,,,,,,,,,,,,,,,,,,,,,,,,"2"
"1649155982797295618","2023-04-20T21:00:00.000Z","0","Experts warn leak in Pacific ocean could unleash magnitude-9 earthquake https://t.co/XTNMkMuTod",,,,,,,,,,"1649155982797295618","false","false",,"https://pbs.twimg.com/ext_tw_video_thumb/1648383689703956480/pu/img/zHq8_w86Y_cDbTsj.jpg","video","https://video.twimg.com/ext_tw_video/1648383689703956480/pu/vid/720x1280/01N_GBS3eR7kzvkq.mp4?tag=12",,,,,,,,,,,,,,,,,,,,,,,,,,,,,,,,,,,,,,,,,,,,,,,,,,,,,,,,,,,,,,,,,,,,,,"0",,"0","https://twitter.com/search?q=earthquake&src=typed_query&f=live","https://twitter.com/HardFactorNews/status/1649155982797295618",,,,,,,,,,,,,,,,,,,,,,,,,,,,,,,,,,,,,,,,,,,,,,,,,,,,,,,,,,,"26"
"1649155982629429249","2023-04-20T21:00:00.000Z","0","2013 - A 6.6-magnitude earthquake strikes Lushan County, Ya'an, in China's Sichuan province, killing more than 150 people and injuring thousands.",,,,,,,,,,"1649155982629429249","false","false",,,,,,,,,,,,,,,,,,,,,,,,,,,,,,,,,,,,,,,,,,,,,,,,,,,,,,,,,,,,,,,,,,,,,,,,,,"0",,"0","https://twitter.com/search?q=earthquake&src=typed_query&f=live","https://twitter.com/wikionthisday/status/1649155982629429249",,,,,,,,,,,,,,,,,,,,,,,,,,,,,,,,,,,,,,,,,,,,,,,,,,,,,,,,,,,"2"
"1649133333111009292","2023-04-20T21:00:00.000Z","0","Arbok used Earthquake
Kingler used Secret Power",,,,,,,,,,"1649155980498726916","false","false",,,,,,,,,,,,,,,,,,,,,,,,,,,,,,,,,,,,,,,,,,,,,,,,,,,,,,,,,,,,,,,,,,,,,,,,,,"1","https://twitter.com/pokemonrandombt/status/1649148431745576973","0","https://twitter.com/search?q=earthquake&src=typed_query&f=live","https://twitter.com/pokemonrandombt/status/1649155980498726916",,,,,,,,,,,,,,,,,,,,,,,,,,,,,,,,,,,,,,,,,,,,,,,,,,,,,,,,,,,"2"
"1649155948852772865","2023-04-20T20:59:52.000Z","0","Aktuelles Schumann-Update: April 20, 2023 at 10:59PM
--------------------
https://t.co/z5PX8TYmc4
--------------------
#schumannresonanz #schumannresonance #Sonnenwind #Erdbeben #vulkan #sonnensturm #blackout #earthquake  #vulcano

Unterstützung:
https://t.co/sQmRSrUrc2 https://t.co/IkgALj96N5","schumannresonanz","schumannresonance","Sonnenwind","Erdbeben","vulkan","sonnensturm","blackout","earthquake","vulcano","1649155948852772865","false","false",,"https://pbs.twimg.com/media/FuL6mIIX0AME8wc.jpg","photo",,,,,,,,,,,,,,,,,,,,,,,,,,,,,,,,,,,,,,,,,,,,,,,,,,,,,,,,,,,,,,,,,,,,,,,"0",,"0","https://twitter.com/search?q=earthquake&src=typed_query&f=live","https://twitter.com/SchumannBotDE/status/1649155948852772865","herzschlag-der-erde.de","http://www.herzschlag-der-erde.de","https://t.co/z5PX8TYmc4","ko-fi.com/herzschlag_der…","http://ko-fi.com/herzschlag_der_erde","https://t.co/sQmRSrUrc2",,,,,,,,,,,,,,,,,,,,,,,,,,,,,,,,,,,,,,,,,,,,,,,,,,,,,"3"
"1649153273205518361","2023-04-20T20:59:10.000Z","0","Look! You are a seismic sensor: when you feel a tremor and launch the LastQuake app,we know that an #earthquake (#potres) might have occurred👇LastQuake launches before🟠 and after 🟣 the app notification about the #earthquake (#potres) in #Zagreb - Centar 11 min ago. https://t.co/3ec3f5waiW","earthquake","potres","earthquake","potres","Zagreb",,,,,"1649155770116628480","false","false","https://video.twimg.com/tweet_video/FuL6bqPXsAMxxwq.mp4","https://pbs.twimg.com/tweet_video_thumb/FuL6bqPXsAMxxwq.jpg","animated_gif",,,,,,,,,,,,,,,,,,,,,,,,,,,,,,,,,,,,,,,,,,,,,,,,,,,,,,,,,,,,,,,,,,,,,,,"1","https://twitter.com/LastQuake/status/1649153948673007617","0","https://twitter.com/search?q=earthquake&src=typed_query&f=live","https://twitter.com/LastQuake/status/1649155770116628480",,,,,,,,,,,,,,,,,,,,,,,,,,,,,,,,,,,,,,,,,,,,,,,,,,,,,,,,,,,"250"
"1649155762650791938","2023-04-20T20:59:08.000Z","0","USGS reports a M4.8 earthquake, Samoa Islands region on 4/20/23 @ 20:03:27 UTChttps://t.co/7A3PpzoziVTry Every Earthquake on your iPhone! Grab the new app here: https://t.co/E1g19fUIFv#earthquake","earthquake",,,,,,,,,"1649155762650791938","false","false",,,,,,,,,,,,,,,,,,,,,,,,,,,,,,,,,,,,,,,,,,,,,,,,,,,,,,,,,,,,,,,,,,,,,,,,,,"0",,"0","https://twitter.com/search?q=earthquake&src=typed_query&f=live","https://twitter.com/everyEarthquake/status/1649155762650791938","earthquake.usgs.gov/earthquakes/ev…","https://earthquake.usgs.gov/earthquakes/eventpage/us6000k5vl","https://t.co/7A3PpzoziV","apps.apple.com/us/app/every-e…","https://apps.apple.com/us/app/every-earthquake/id1518750802","https://t.co/E1g19fUIFv",,,,,,,,,,,,,,,,,,,,,,,,,,,,,,,,,,,,,,,,,,,,,,,,,,,,,"16"
"1649155760713023489","2023-04-20T20:59:07.000Z","0","USGS reports a M1.37 earthquake, 12km ENE of Warner Springs, CA on 4/20/23 @ 20:55:37 UTChttps://t.co/0We3uV12ai#earthquake","earthquake",,,,,,,,,"1649155760713023489","false","false",,,,,,,,,,,,,,,,,,,,,,,,,,,,,,,,,,,,,,,,,,,,,,,,,,,,,,,,,,,,,,,,,,,,,,,,,,"0",,"0","https://twitter.com/search?q=earthquake&src=typed_query&f=live","https://twitter.com/everyEarthquake/status/1649155760713023489","earthquake.usgs.gov/earthquakes/ev…","https://earthquake.usgs.gov/earthquakes/eventpage/ci40443328","https://t.co/0We3uV12ai",,,,,,,,,,,,,,,,,,,,,,,,,,,,,,,,,,,,,,,,,,,,,,,,,,,,,,,,"20"
"1649155755881185282","2023-04-20T20:59:06.000Z","0","Aviso de nuevo sismo. 🇨🇱
2.9 (Ml) - 17 km al oeste de Andacollo.
2023/04/20 16:23:42
App: https://t.co/RblVNxZYn8
#Andacollo #earthquake #sismo #temblor #terremoto #CSN #GUC
@reddeemergencia https://t.co/gH7fActF1N","Andacollo","earthquake","sismo","temblor","terremoto","CSN","GUC",,,"1649155755881185282","false","false",,"https://pbs.twimg.com/media/FuL6a7MX0AIsvZs.jpg","photo",,,,,,,,,,,,,,,,,,,,,,,,,,,,,,,,,,,,,,,,,,,,,,,,,,,,,,,,,,,,,,,,,,,,,,,"0",,"0","https://twitter.com/search?q=earthquake&src=typed_query&f=live","https://twitter.com/ChileAlertaApp/status/1649155755881185282","goo.gl/XWHGvS","http://goo.gl/XWHGvS","https://t.co/RblVNxZYn8",,,,"157764316","Red de Emergencia ONG","https://twitter.com/reddeemergencia","reddeemergencia",,,,,,,,,,,,,,,,,,,,,,,,,,,,,,,,,,,,,,,,,,,,,,,,,"60"
"1649155716173955078","2023-04-20T20:58:57.000Z","0","เราทุบมันคืนได้มั้ย",,,,,,,,,,"1649155716173955078","true","false",,,,,,,,,,,"1648674286599819264","1648674286599819264","2023-04-19T13:05:55.000Z","718","ยื่นปากมานึกว่าจะจุ๊บ..
https://t.co/4ox7MkrC7J",,,,"1648674286599819264","false","false","https://pbs.twimg.com/ext_tw_video_thumb/1544358885087186944/pu/img/sg8NHSEboUIE4qNI.jpg","video","https://video.twimg.com/ext_tw_video/1544358885087186944/pu/vid/574x860/GY1_wXMwj5bhqZkO.mp4?tag=12","8",,"2814","https://twitter.com/Unrulycat2511/status/1648674286599819264",,,,,,,,,,,,,,,,,,,,,,,,,,,,,,,,,,,,,,,,,,,,,"186535","0",,"0","https://twitter.com/search?q=earthquake&src=typed_query&f=live","https://twitter.com/KruEarthquake/status/1649155716173955078",,,,,,,,,,,,,,,,,,,,,,,,,,,,,,,,,,,,,,,,,,,,,,,,,,,,,,,,,,,"1"
"1649128115849818129","2023-04-20T20:58:38.000Z","0","@LillPerlmutter @Vokabre we gotta get on the 'cats in earthquakes' beat Lillian",,,,,,,,,,"1649155639384371202","false","false",,,,,,,,,,,,,,,,,,,,,,,,,,,,,,,,,,,,,,,,,,,,,,,,,,,,,,,,,,,,,,,,,,,,,,,,,,"0","https://twitter.com/Ann_dLandes/status/1649155455485194242","0","https://twitter.com/search?q=earthquake&src=typed_query&f=live","https://twitter.com/Ann_dLandes/status/1649155639384371202",,,,,,,"1258988229216202758","Lillian Perlmutter","https://twitter.com/LillPerlmutter","LillPerlmutter","506147667","Michael Vokabre","https://twitter.com/Vokabre","Vokabre",,,,,,,,,,,,,,,,,,,,,,,,,,,,,,,,,,,,,,,,,,,,,"6"
"1649155634779095040","2023-04-20T20:58:37.000Z","0","📌 Earthquake information - New event 📌

#earthquake #USGS

Date and time (UTC): 04/20/2023 08:03:27 PM
Magnitude: 4.8 mb
Area: 163 km SSE of Mata-Utu, Wallis and Futuna
Depth (km): 10
Latitude: -14.6396
Longitude: -175.5787 https://t.co/ZHGVFUZz24","earthquake","USGS",,,,,,,,"1649155634779095040","false","false",,"https://pbs.twimg.com/media/FuL6TuwWwAYLOyS.png","photo",,,,,,,,,,,,,,,,,,,,,,,,,,,,,,,,,,,,,,,,,,,,,,,,,,,,,,,,,,,,,,,,,,,,,,,"0",,"0","https://twitter.com/search?q=earthquake&src=typed_query&f=live","https://twitter.com/berrycavetech/status/1649155634779095040",,,,,,,,,,,,,,,,,,,,,,,,,,,,,,,,,,,,,,,,,,,,,,,,,,,,,,,,,,,"4"
"1649155572527251464","2023-04-20T20:58:22.000Z","0","#Earthquake M3.2 Costa Rica: 17 Km Al Este De Cobano, Puntarenas. 20 Apr 20:32 UTC - report/info: 
https://t.co/3A7MoTZdxr","Earthquake",,,,,,,,,"1649155572527251464","false","false",,,,,,,,,,,,,,,,,,,,,,,,,,,,,,,,,,,,,,,,,,,,,,,,,,,,,,,,,,,,,,,,,,,,,,,,,,"0",,"0","https://twitter.com/search?q=earthquake&src=typed_query&f=live","https://twitter.com/EQAlerts/status/1649155572527251464","volcanodiscovery.com/app/earthquake…","https://www.volcanodiscovery.com/app/earthquakes/quake-info/7556794/mag3quake-Apr-20-2023-Costa-Rica-17-km-al-Este-de-Cobano-Puntarenas.html","https://t.co/3A7MoTZdxr",,,,,,,,,,,,,,,,,,,,,,,,,,,,,,,,,,,,,,,,,,,,,,,,,,,,,,,,"66"
"1649155561571725312","2023-04-20T20:58:20.000Z","0","Apr 20, 2023 20:03:27 UTC
Tuamasaga, Samoa
4.8 MB - 55 min ago
#earthquake
https://t.co/pzrkcrPOTB","earthquake",,,,,,,,,"1649155561571725312","false","false",,,,,,,,,,,,,,,,,,,,,,,,,,,,,,,,,,,,,,,,,,,,,,,,,,,,,,,,,,,,,,,,,,,,,,,,,,"0",,"0","https://twitter.com/search?q=earthquake&src=typed_query&f=live","https://twitter.com/zelzeleler/status/1649155561571725312","depremtr.com/deprem_detay?i…","https://www.depremtr.com/deprem_detay?id=554d9178-29c0-425b-8dbc-4f310afcd7f4","https://t.co/pzrkcrPOTB",,,,,,,,,,,,,,,,,,,,,,,,,,,,,,,,,,,,,,,,,,,,,,,,,,,,,,,,"32"
"1649155557251510273","2023-04-20T20:58:19.000Z","0","New #Earthquake. 🌎
4.8 (Mb) - 163 km al sureste de Mata Utu - Wallis y Futuna.
2023/04/20 20:03:27 UTC.
App: https://t.co/RblVNxZYn8
#MataUtu #WallisyFutuna #earthquake #sismo #temblor #terremoto https://t.co/FKEhjxMU1n","Earthquake","MataUtu","WallisyFutuna","earthquake","sismo","temblor","terremoto",,,"1649155557251510273","false","false",,"https://pbs.twimg.com/media/FuL6PZDXwAEnFMR.jpg","photo",,,,,,,,,,,,,,,,,,,,,,,,,,,,,,,,,,,,,,,,,,,,,,,,,,,,,,,,,,,,,,,,,,,,,,,"0",,"0","https://twitter.com/search?q=earthquake&src=typed_query&f=live","https://twitter.com/ChileAlertaApp/status/1649155557251510273","goo.gl/XWHGvS","http://goo.gl/XWHGvS","https://t.co/RblVNxZYn8",,,,,,,,,,,,,,,,,,,,,,,,,,,,,,,,,,,,,,,,,,,,,,,,,,,,,,,,"104"
"1649155542034657284","2023-04-20T20:58:15.000Z","0","#Earthquake (#séisme) M4.8 strikes 163 km SE of #Mata-Utu (Wallis &amp; Futuna) 55 min ago. More info: https://t.co/gH83UO0yFZ","Earthquake","séisme","Mata",,,,,,,"1649155542034657284","false","false",,,,,,,,,,,,,,,,,,,,,,,,,,,,,,,,,,,,,,,,,,,,,,,,,,,,,,,,,,,,,,,,,,,,,,,,,,"0",,"0","https://twitter.com/search?q=earthquake&src=typed_query&f=live","https://twitter.com/EMSC/status/1649155542034657284","emsc-csem.org/Earthquake/ear…","https://www.emsc-csem.org/Earthquake/earthquake.php?id=1252216","https://t.co/gH83UO0yFZ",,,,,,,,,,,,,,,,,,,,,,,,,,,,,,,,,,,,,,,,,,,,,,,,,,,,,,,,"64"
"1648674286599819264","2023-04-19T13:05:55.000Z","718","ยื่นปากมานึกว่าจะจุ๊บ..
https://t.co/4ox7MkrC7J",,,,,,,,,,"1648674286599819264","false","false",,"https://pbs.twimg.com/ext_tw_video_thumb/1544358885087186944/pu/img/sg8NHSEboUIE4qNI.jpg","video","https://video.twimg.com/ext_tw_video/1544358885087186944/pu/vid/574x860/GY1_wXMwj5bhqZkO.mp4?tag=12",,,,,,,,,,,,,,,,,,,,,,,,,,,,,,,,,,,,,,,,,,,,,,,,,,,,,,,,,,,,,,,,,,,,,,"8",,"2814","https://twitter.com/search?q=earthquake&src=typed_query&f=live","https://twitter.com/Unrulycat2511/status/1648674286599819264",,,,,,,,,,,,,,,,,,,,,,,,,,,,,,,,,,,,,,,,,,,,,,,,,,,,,,,,,,,"186535"
"1649156141027414017","2023-04-20T21:00:38.000Z","0","bir şey hakkında yargıda bulunmadan önce şu 750 soruyu sorarım kendime..flood başlıyor",,,,,,,,,,"1649156141027414017","false","false",,,,,,,,,,,,,,,,,,,,,,,,,,,,,,,,,,,,,,,,,,,,,,,,,,,,,,,,,,,,,,,,,,,,,,,,,,"0",,"0","https://twitter.com/search?q=flood&src=typed_query&f=live","https://twitter.com/ybnci1i/status/1649156141027414017",,,,,,,,,,,,,,,,,,,,,,,,,,,,,,,,,,,,,,,,,,,,,,,,,,,,,,,,,,,
"1648827127502974976","2023-04-20T21:00:28.000Z","0","@marcorubio @CBSMiami Did you notice floods??
What is your useless Governor doing about it?",,,,,,,,,,"1649156101064073216","false","false",,,,,,,,,,,,,,,,,,,,,,,,,,,,,,,,,,,,,,,,,,,,,,,,,,,,,,,,,,,,,,,,,,,,,,,,,,"0","https://twitter.com/marcorubio/status/1648827127502974976","0","https://twitter.com/search?q=flood&src=typed_query&f=live","https://twitter.com/Barbara12689822/status/1649156101064073216",,,,,,,"15745368","Marco Rubio","https://twitter.com/marcorubio","marcorubio","16334281","CBS News Miami","https://twitter.com/CBSMiami","CBSMiami",,,,,,,,,,,,,,,,,,,,,,,,,,,,,,,,,,,,,,,,,,,,,
"1649150628722012172","2023-04-20T21:00:27.000Z","0","@bennyjohnson Benny why you posting this twice... Gotta unfollow brother.. still love ya but I'm seeing a trend on your attempts to flood clicks and it's watering down the affect you have.. stay blessed tho sir",,,,,,,,,,"1649156092750962690","false","false",,,,,,,,,,,,,,,,,,,,,,,,,,,,,,,,,,,,,,,,,,,,,,,,,,,,,,,,,,,,,,,,,,,,,,,,,,"0","https://twitter.com/bennyjohnson/status/1649150628722012172","0","https://twitter.com/search?q=flood&src=typed_query&f=live","https://twitter.com/JimmyBoKolesbob/status/1649156092750962690",,,,,,,"15212187","Benny Johnson","https://twitter.com/bennyjohnson","bennyjohnson",,,,,,,,,,,,,,,,,,,,,,,,,,,,,,,,,,,,,,,,,,,,,,,,,
"1649156089341001728","2023-04-20T21:00:26.000Z","0","Community service on all levels

Our recruits helped out at Sandbag Cass to assist in this year’s county-wide flood fight! Our recruits were excited to stand alongside our community to reach the county’s sandbag goal again this year. 

Keep up the great work recruits! https://t.co/q6y8L0VMgC",,,,,,,,,,"1649156089341001728","false","false",,"https://pbs.twimg.com/ext_tw_video_thumb/1649154929171333126/pu/img/bcU1M-Nq7JZZcaxd.jpg","video","https://video.twimg.com/ext_tw_video/1649154929171333126/pu/vid/1280x720/pc9DXrsphMUK17yo.mp4?tag=12",,,,,,,,,,,,,,,,,,,,,,,,,,,,,,,,,,,,,,,,,,,,,,,,,,,,,,,,,,,,,,,,,,,,,,"0",,"0","https://twitter.com/search?q=flood&src=typed_query&f=live","https://twitter.com/WestFargoFire/status/1649156089341001728",,,,,,,,,,,,,,,,,,,,,,,,,,,,,,,,,,,,,,,,,,,,,,,,,,,,,,,,,,,"1"
"1648663268922204167","2023-04-20T21:00:24.000Z","0","@MikeHudema Almost all humanity was once wiped out in a flood thousands of years ago. Evidence in every major culture outside the Bible. Climate crisis is a hoax and has always been ready to end the earth in 5-10 years for freaking ever 🤣",,,,,,,,,,"1649156084081340419","false","false",,,,,,,,,,,,,,,,,,,,,,,,,,,,,,,,,,,,,,,,,,,,,,,,,,,,,,,,,,,,,,,,,,,,,,,,,,"0","https://twitter.com/MikeHudema/status/1648663268922204167","0","https://twitter.com/search?q=flood&src=typed_query&f=live","https://twitter.com/Chrisality_/status/1649156084081340419",,,,,,,"15088481","Mike Hudema","https://twitter.com/MikeHudema","MikeHudema",,,,,,,,,,,,,,,,,,,,,,,,,,,,,,,,,,,,,,,,,,,,,,,,,
"1649152170791432206","2023-04-20T21:00:18.000Z","0","@brunobrooks1 @barneyrednews When will we stop these embarrassments- I don’t mind being shit but ffs give us a break. The 7-0 opened the flood gates again",,,,,,,,,,"1649156057963323395","false","false",,,,,,,,,,,,,,,,,,,,,,,,,,,,,,,,,,,,,,,,,,,,,,,,,,,,,,,,,,,,,,,,,,,,,,,,,,"0","https://twitter.com/brunobrooks1/status/1649155507179929619","0","https://twitter.com/search?q=flood&src=typed_query&f=live","https://twitter.com/Grafollogy/status/1649156057963323395",,,,,,,"485225343","marc brooks","https://twitter.com/brunobrooks1","brunobrooks1","225823364","Barney @Red News","https://twitter.com/barneyrednews","barneyrednews",,,,,,,,,,,,,,,,,,,,,,,,,,,,,,,,,,,,,,,,,,,,,
"1649156054415192064","2023-04-20T21:00:17.000Z","0","Floods may taint more water in California farm towns

#climate #sustainable #education #ClimateCrisis #green #ClimateBrawl #ClimateEmergncy
https://t.co/ZnTXAxj75o","climate","sustainable","education","ClimateCrisis","green","ClimateBrawl","ClimateEmergncy",,,"1649156054415192064","false","false",,,,,,,,,,,,,,,,,,,,,,,,,,,,,,,,,,,,,,,,,,,,,,,,,,,,,,,,,,,,,,,,,,,,,,,,,,"0",,"0","https://twitter.com/search?q=flood&src=typed_query&f=live","https://twitter.com/angryman1972/status/1649156054415192064","theangryarmy.today/floods-may-tai…","https://theangryarmy.today/floods-may-taint-more-water-in-california-farm-towns/?feed_id=7540&_unique_id=6441a7e17bd16","https://t.co/ZnTXAxj75o",,,,,,,,,,,,,,,,,,,,,,,,,,,,,,,,,,,,,,,,,,,,,,,,,,,,,,,,
"1649156051088863232","2023-04-20T21:00:17.000Z","0","I'VE HAD ENOUGH, WHERE IS MY SONG THIS ISN'T FUNNY ANYMORE I SWEAR",,,,,,,,,,"1649156051088863232","true","false",,,,,,,,,,,"1649091275143118855","1649091275143118855","2023-04-20T16:42:53.000Z","187","Hozier singing Eat Your Young on 3FM Live Box https://t.co/pZB5yojya1",,,,"1649091275143118855","false","false","https://pbs.twimg.com/ext_tw_video_thumb/1649091037334315014/pu/img/nksl4kca4-3HIj4Z.jpg","video","https://video.twimg.com/ext_tw_video/1649091037334315014/pu/vid/1280x720/zHcQMq1NucrXa-sJ.mp4?tag=12","1",,"39","https://twitter.com/hoziersvocalss/status/1649091275143118855",,,,,,,,,,,,,,,,,,,,,,,,,,,,,,,,,,,,,,,,,,,,,"6513","0",,"0","https://twitter.com/search?q=flood&src=typed_query&f=live","https://twitter.com/sunlitwalls/status/1649156051088863232",,,,,,,,,,,,,,,,,,,,,,,,,,,,,,,,,,,,,,,,,,,,,,,,,,,,,,,,,,,
"1649156032160059397","2023-04-20T21:00:12.000Z","0","""An estimated 15 million people are threatened by #Floods that happen when glaciers melt rapidly. It's a growing global threat from #ClimateChange. Communities in the Himalayan Mountains of #Nepal are grappling with that threat now,""

https://t.co/SkdKFOIOkr","Floods","ClimateChange","Nepal",,,,,,,"1649156032160059397","false","false",,,,,,,,,,,,,,,,,,,,,,,,,,,,,,,,,,,,,,,,,,,,,,,,,,,,,,,,,,,,,,,,,,,,,,,,,,"0",,"0","https://twitter.com/search?q=flood&src=typed_query&f=live","https://twitter.com/GISP_Tweets/status/1649156032160059397","buff.ly/41u01Qw","https://buff.ly/41u01Qw","https://t.co/SkdKFOIOkr",,,,,,,,,,,,,,,,,,,,,,,,,,,,,,,,,,,,,,,,,,,,,,,,,,,,,,,,"3"
"1648986914811428864","2023-04-20T21:00:11.000Z","0","@FineGael So safe we're spending 7 million on drivers for ministers. Sure whats there to fear eh? https://t.co/PJPr6dPXbH",,,,,,,,,,"1649156027512770563","false","false",,"https://pbs.twimg.com/media/FuL6qtzWIAEH4j2.jpg","photo",,,,,,,,,,,,,,,,,,,,,,,,,,,,,,,,,,,,,,,,,,,,,,,,,,,,,,,,,,,,,,,,,,,,,,,"0","https://twitter.com/FineGael/status/1648986914811428864","0","https://twitter.com/search?q=flood&src=typed_query&f=live","https://twitter.com/peterflood6/status/1649156027512770563",,,,,,,"19530527","Fine Gael","https://twitter.com/FineGael","FineGael",,,,,,,,,,,,,,,,,,,,,,,,,,,,,,,,,,,,,,,,,,,,,,,,,
"1649152932774834192","2023-04-20T21:00:10.000Z","0","@SawyerMerritt Why not? Tesla's focus on ramping instead of margin will place itself in a great position to capture the flood of demands to come when the economy recovers in 2025 2026.",,,,,,,,,,"1649156025399017477","false","false",,,,,,,,,,,,,,,,,,,,,,,,,,,,,,,,,,,,,,,,,,,,,,,,,,,,,,,,,,,,,,,,,,,,,,,,,,"0","https://twitter.com/SawyerMerritt/status/1649152934901346304","0","https://twitter.com/search?q=flood&src=typed_query&f=live","https://twitter.com/KeyofLife420/status/1649156025399017477",,,,,,,"243013409","Sawyer Merritt","https://twitter.com/SawyerMerritt","SawyerMerritt",,,,,,,,,,,,,,,,,,,,,,,,,,,,,,,,,,,,,,,,,,,,,,,,,
"1649156009670082567","2023-04-20T21:00:07.000Z","0","3 scenes of SENTINEL ingested to HDDS for event 202302_Flood_SWZ https://t.co/G3ey5feSp7 https://t.co/0u78BzqPpm",,,,,,,,,,"1649156009670082567","false","false",,"https://pbs.twimg.com/media/FuL6ptiWAAMQtwV.jpg","photo",,,,,,,,,,,,,,,,,,,,,,,,,,,,,,,,,,,,,,,,,,,,,,,,,,,,,,,,,,,,,,,,,,,,,,,"0",,"0","https://twitter.com/search?q=flood&src=typed_query&f=live","https://twitter.com/USGS_HDDS/status/1649156009670082567","hddsexplorer.usgs.gov/criteria?event…","https://hddsexplorer.usgs.gov/criteria?event=202302_Flood_SWZ&ordered=202302_Flood_SWZ_ESA_SENTINEL1_2023-04-20&field=batch_name","https://t.co/G3ey5feSp7",,,,,,,,,,,,,,,,,,,,,,,,,,,,,,,,,,,,,,,,,,,,,,,,,,,,,,,,
"1649156007082196997","2023-04-20T21:00:06.000Z","1","Shiba Inu: Trillions of SHIB to Flood Binance U.S Post Voyager Deal | #crypto #nft #newslab https://t.co/cvxDYXEnDk","crypto","nft","newslab",,,,,,,"1649156007082196997","false","false",,,,,,,,,,,,,,,,,,,,,,,,,,,,,,,,,,,,,,,,,,,,,,,,,,,,,,,,,,,,,,,,,,,,,,,,,,"0",,"0","https://twitter.com/search?q=flood&src=typed_query&f=live","https://twitter.com/newslab_eth/status/1649156007082196997","watcher.guru/news/shiba-inu…","https://watcher.guru/news/shiba-inu-trillions-of-shib-to-flood-this-major-us-exchange-post-voyager-deal","https://t.co/cvxDYXEnDk",,,,,,,,,,,,,,,,,,,,,,,,,,,,,,,,,,,,,,,,,,,,,,,,,,,,,,,,"1"
"1649155999687667714","2023-04-20T21:00:04.000Z","0","4 scenes of LANDSAT ingested to HDDS for event 202302_Flood_SWZ https://t.co/FDIegpxMbM https://t.co/2yS03lIuA8",,,,,,,,,,"1649155999687667714","false","false",,"https://pbs.twimg.com/media/FuL6pItXwAA9EJ6.jpg","photo",,,,,,,,,,,,,,,,,,,,,,,,,,,,,,,,,,,,,,,,,,,,,,,,,,,,,,,,,,,,,,,,,,,,,,,"0",,"0","https://twitter.com/search?q=flood&src=typed_query&f=live","https://twitter.com/USGS_HDDS/status/1649155999687667714","hddsexplorer.usgs.gov/criteria?event…","https://hddsexplorer.usgs.gov/criteria?event=202302_Flood_SWZ&ordered=202302_Flood_SWZ_USGS_LANDSAT9_2023-04-20,202302_Flood_SWZ_USGS_LANDSAT8_2023-04-20&field=batch_name","https://t.co/FDIegpxMbM",,,,,,,,,,,,,,,,,,,,,,,,,,,,,,,,,,,,,,,,,,,,,,,,,,,,,,,,
"1649155999012462592","2023-04-20T21:00:04.000Z","1","THE HILL:  South Florida facing gas shortage after storms, floods  😳
https://t.co/8uJu5gRHxE via @YahooNews",,,,,,,,,,"1649155999012462592","false","false",,,,,,,,,,,,,,,,,,,,,,,,,,,,,,,,,,,,,,,,,,,,,,,,,,,,,,,,,,,,,,,,,,,,,,,,,,"0",,"0","https://twitter.com/search?q=flood&src=typed_query&f=live","https://twitter.com/DeePeanuts/status/1649155999012462592","news.yahoo.com/south-florida-…","https://news.yahoo.com/south-florida-facing-gas-shortage-175403071.html?soc_src=social-sh&soc_trk=tw&tsrc=twtr","https://t.co/8uJu5gRHxE",,,,"7309052","Yahoo News","https://twitter.com/YahooNews","YahooNews",,,,,,,,,,,,,,,,,,,,,,,,,,,,,,,,,,,,,,,,,,,,,,,,,"2"
"1649155981669019650","2023-04-20T21:00:00.000Z","0","Rockville's new Flood Mitigation Program reimburses residents and property owners for efforts intended to reduce future flood damage. Environmental Specialist Arthur Ray has more on the city’s Flood Mitigation Assistance Program. Learn how to apply at: https://t.co/CVifwl96a6 https://t.co/O9x9LW9mC4",,,,,,,,,,"1649155981669019650","false","false",,"https://pbs.twimg.com/ext_tw_video_thumb/1648515384599797760/pu/img/1wJdwCmz9X-E9djR.jpg","video","https://video.twimg.com/ext_tw_video/1648515384599797760/pu/vid/1280x720/VstKRgf0jjdV3li2.mp4?tag=12",,,,,,,,,,,,,,,,,,,,,,,,,,,,,,,,,,,,,,,,,,,,,,,,,,,,,,,,,,,,,,,,,,,,,,"0",,"0","https://twitter.com/search?q=flood&src=typed_query&f=live","https://twitter.com/Rockville411/status/1649155981669019650","RockvilleMD.gov/FloodAssistance","http://RockvilleMD.gov/FloodAssistance","https://t.co/CVifwl96a6",,,,,,,,,,,,,,,,,,,,,,,,,,,,,,,,,,,,,,,,,,,,,,,,,,,,,,,,"2"
"1649155939109330944","2023-04-20T20:59:50.000Z","0","i love my punk princess https://t.co/bffuI0ObyV",,,,,,,,,,"1649155939109330944","false","false",,"https://pbs.twimg.com/media/FuL6lTwX0AMutJh.jpg","photo",,,,,,,,,,,,,,,,,,,,,,,,,,,,,,,,,,,,,,,,,,,,,,,,,,,,,,,,,,,,,,,,,,,,,,,"0",,"0","https://twitter.com/search?q=flood&src=typed_query&f=live","https://twitter.com/sunlitwalls/status/1649155939109330944",,,,,,,,,,,,,,,,,,,,,,,,,,,,,,,,,,,,,,,,,,,,,,,,,,,,,,,,,,,"1"
"1649063224745099264","2023-04-20T20:59:41.000Z","0","@Timcast Tweeter’s Algorithm floods me with bs that piss me off.",,,,,,,,,,"1649155902530789377","false","false",,,,,,,,,,,,,,,,,,,,,,,,,,,,,,,,,,,,,,,,,,,,,,,,,,,,,,,,,,,,,,,,,,,,,,,,,,"0","https://twitter.com/Timcast/status/1649063224745099264","0","https://twitter.com/search?q=flood&src=typed_query&f=live","https://twitter.com/GH057xx/status/1649155902530789377",,,,,,,"27000730","Tim Pool","https://twitter.com/Timcast","Timcast",,,,,,,,,,,,,,,,,,,,,,,,,,,,,,,,,,,,,,,,,,,,,,,,,
"1649155845459001344","2023-04-20T20:59:28.000Z","0","May Allah flood your life with love and happiness on this occasion, your heart with care and your mind with wisdom, wishing you #eidalfitr  Mubarak.

Remember me in your prayers.

#EidUlFitr #عيد_الفطر_المبارك #العيد_الجمعه #EidAlFitr2023 https://t.co/BdkxOiH6AE","eidalfitr","EidUlFitr","عيد_الفطر_المبارك","العيد_الجمعه","EidAlFitr2023",,,,,"1649155845459001344","false","false",,"https://pbs.twimg.com/media/FuL6f2MWYAYwMtU.jpg","photo",,,,,,,,,,,,,,,,,,,,,,,,,,,,,,,,,,,,,,,,,,,,,,,,,,,,,,,,,,,,,,,,,,,,,,,"0",,"0","https://twitter.com/search?q=flood&src=typed_query&f=live","https://twitter.com/MMmalik1993/status/1649155845459001344",,,,,,,,,,,,,,,,,,,,,,,,,,,,,,,,,,,,,,,,,,,,,,,,,,,,,,,,,,,"11"
"1649091275143118855","2023-04-20T16:42:53.000Z","187","Hozier singing Eat Your Young on 3FM Live Box https://t.co/pZB5yojya1",,,,,,,,,,"1649091275143118855","false","false",,"https://pbs.twimg.com/ext_tw_video_thumb/1649091037334315014/pu/img/nksl4kca4-3HIj4Z.jpg","video","https://video.twimg.com/ext_tw_video/1649091037334315014/pu/vid/1280x720/zHcQMq1NucrXa-sJ.mp4?tag=12",,,,,,,,,,,,,,,,,,,,,,,,,,,,,,,,,,,,,,,,,,,,,,,,,,,,,,,,,,,,,,,,,,,,,,"1",,"39","https://twitter.com/search?q=flood&src=typed_query&f=live","https://twitter.com/hoziersvocalss/status/1649091275143118855",,,,,,,,,,,,,,,,,,,,,,,,,,,,,,,,,,,,,,,,,,,,,,,,,,,,,,,,,,,"6513"
"1649155812181385218","2023-04-20T20:59:20.000Z","0","Severe weather can quickly turn into a flooding event. Visit https://t.co/QT6gsF09Yj for flood safety tips.

El tiempo severo puede convertirse rápidamente en una inundación. Visite https://t.co/QT6gsF09Yj para ver consejos en caso de inundación.

@311Dallas @DallasOEM https://t.co/wumCD1b2Py",,,,,,,,,,"1649155812181385218","false","false",,"https://pbs.twimg.com/media/FuL6ZoeXgAERWj4.jpg","photo",,,,,,,,,,,,,,,,,,,,,,,,,,,,,,,,,,,,,,,,,,,,,,,,,,,,,,,,,,,,,,,,,,,,,,,"0",,"0","https://twitter.com/search?q=flood&src=typed_query&f=live","https://twitter.com/mytrinityriver/status/1649155812181385218","weather.gov/safety/flood","http://www.weather.gov/safety/flood","https://t.co/QT6gsF09Yj","weather.gov/safety/flood","http://www.weather.gov/safety/flood","https://t.co/QT6gsF09Yj","2919004344","311 Dallas","https://twitter.com/311Dallas","311Dallas","18161602","City of Dallas Office of Emergency Management","https://twitter.com/DallasOEM","DallasOEM",,,,,,,,,,,,,,,,,,,,,,,,,,,,,,,,,,,,,,,,,,,,,"5"
"1649155810071654400","2023-04-20T20:59:19.000Z","0","STI spreading like wildfire in Flood Victims Evacuation Camps. Something must urgently be done. There is life after living in these camps, people must be guided and controlled. Some are careless, some are victims, for some its a collateral damage while trying to mitigate hunger.",,,,,,,,,,"1649155810071654400","false","false",,,,,,,,,,,,,,,,,,,,,,,,,,,,,,,,,,,,,,,,,,,,,,,,,,,,,,,,,,,,,,,,,,,,,,,,,,"0",,"0","https://twitter.com/search?q=flood&src=typed_query&f=live","https://twitter.com/group_kbs/status/1649155810071654400",,,,,,,,,,,,,,,,,,,,,,,,,,,,,,,,,,,,,,,,,,,,,,,,,,,,,,,,,,,
"1649144792624820256","2023-04-20T20:59:19.000Z","0","@tj_flood Don’t think the state of Indiana or the countrymen out Toronto will ever forgive him for the buckets he got on them lol",,,,,,,,,,"1649155808398065664","false","false",,,,,,,,,,,,,,,,,,,,,,,,,,,,,,,,,,,,,,,,,,,,,,,,,,,,,,,,,,,,,,,,,,,,,,,,,,"0","https://twitter.com/tj_flood/status/1649144792624820256","0","https://twitter.com/search?q=flood&src=typed_query&f=live","https://twitter.com/CantCatchMe_21/status/1649155808398065664",,,,,,,"571384795","TJ","https://twitter.com/tj_flood","tj_flood",,,,,,,,,,,,,,,,,,,,,,,,,,,,,,,,,,,,,,,,,,,,,,,,,"2"
"1649155793957134339","2023-04-20T20:59:18.000Z","0","8⃣daha sonra trade kısmından alım satım işlemi yapabilirsiniz 
çok hızlı hazırladığım bir flood oldu 
umarım faydalı olur.",,,,,,,,,,"1649155806946795520","false","false",,,,,,,,,,,,,,,,,,,,,,,,,,,,,,,,,,,,,,,,,,,,,,,,,,,,,,,,,,,,,,,,,,,,,,,,,,"0","https://twitter.com/cryptogemci/status/1649155805097127945","0","https://twitter.com/search?q=flood&src=typed_query&f=live","https://twitter.com/cryptogemci/status/1649155806946795520",,,,,,,,,,,,,,,,,,,,,,,,,,,,,,,,,,,,,,,,,,,,,,,,,,,,,,,,,,,"9"
"1649155800554774530","2023-04-20T20:59:17.000Z","1","Great to sit down with @GovAbbott today to discuss the priorities of #HD127: Flood mitigation, public safety, property taxes, education, and more.  Grateful for his support and for him taking the time to listen to the districts needs. #txlege https://t.co/dB43opaMWb","HD127","txlege",,,,,,,,"1649155800554774530","false","false",,"https://pbs.twimg.com/media/FuL6dMFXgAA-ZLX.jpg","photo",,,,,,,,,,,,,,,,,,,,,,,,,,,,,,,,,,,,,,,,,,,,,,,,,,,,,,,,,,,,,,,,,,,,,,,"0",,"1","https://twitter.com/search?q=flood&src=typed_query&f=live","https://twitter.com/CharlesTX127/status/1649155800554774530",,,,,,,"19291441","Gov. Greg Abbott","https://twitter.com/GovAbbott","GovAbbott",,,,,,,,,,,,,,,,,,,,,,,,,,,,,,,,,,,,,,,,,,,,,,,,,"26"
"1649155738244112384","2023-04-20T20:59:02.000Z","0","Ministry, volunteer groups help victims with flood relief in Broward County https://t.co/BJIuqQO9qH",,,,,,,,,,"1649155738244112384","false","false",,,,,,,,,,,,,,,,,,,,,,,,,,,,,,,,,,,,,,,,,,,,,,,,,,,,,,,,,,,,,,,,,,,,,,,,,,"0",,"0","https://twitter.com/search?q=flood&src=typed_query&f=live","https://twitter.com/LouisWPLG/status/1649155738244112384","local10.com/weather/2023/0…","https://www.local10.com/weather/2023/04/20/ministry-volunteer-groups-help-victims-with-flood-relief-in-broward-county/?utm_campaign=snd-autopilot&utm_source=Twitter&utm_medium=social&utm_campaign=snd&utm_content=LouisAguirre","https://t.co/BJIuqQO9qH",,,,,,,,,,,,,,,,,,,,,,,,,,,,,,,,,,,,,,,,,,,,,,,,,,,,,,,,"4"
"1649155702445801473","2023-04-20T20:58:53.000Z","0","he’s fierce in my dreams, seizes my guts
he floods me with dread
soaked in soul, he swims in my eyes by the bed
pour myself over him, moon spilling in

and i wake up alone",,,,,,,,,,"1649155702445801473","false","false",,,,,,,,,,,,,,,,,,,,,,,,,,,,,,,,,,,,,,,,,,,,,,,,,,,,,,,,,,,,,,,,,,,,,,,,,,"0",,"0","https://twitter.com/search?q=flood&src=typed_query&f=live","https://twitter.com/acaroltonetto/status/1649155702445801473",,,,,,,,,,,,,,,,,,,,,,,,,,,,,,,,,,,,,,,,,,,,,,,,,,,,,,,,,,,"3"
"1649155661320581121","2023-04-20T20:58:44.000Z","1","never beating the ""just some guy"" allegations",,,,,,,,,,"1649155661320581121","true","false",,,,,,,,,,,"1649119885278969876","1649119885278969876","2023-04-20T18:36:34.000Z","272","Hozier's twitter account is no longer verified https://t.co/0Wt2JZ67c8",,,,"1649119885278969876","false","false","https://pbs.twimg.com/media/FuLZy9vWABYo5hE.jpg","photo",,"5",,"14","https://twitter.com/dailyhozierpics/status/1649119885278969876",,,,,,,,,,,,,,,,,,,,,,,,,,,,,,,,,,,,,,,,,,,,,"13624","0",,"0","https://twitter.com/search?q=flood&src=typed_query&f=live","https://twitter.com/sunlitwalls/status/1649155661320581121",,,,,,,,,,,,,,,,,,,,,,,,,,,,,,,,,,,,,,,,,,,,,,,,,,,,,,,,,,,"2"
"1649155639241785346","2023-04-20T20:58:38.000Z","0","United haven’t even bought there allocation! 🤷‍♂️",,,,,,,,,,"1649155639241785346","false","false",,,,,,,,,,,,,,,,,,,,,,,,,,,,,,,,,,,,,,,,,,,,,,,,,,,,,,,,,,,,,,,,,,,,,,,,,,"0",,"0","https://twitter.com/search?q=flood&src=typed_query&f=live","https://twitter.com/GentlemanJimflo/status/1649155639241785346",,,,,,,,,,,,,,,,,,,,,,,,,,,,,,,,,,,,,,,,,,,,,,,,,,,,,,,,,,,"2"
"1649155616156336134","2023-04-20T20:58:33.000Z","0","Today in Mecca, a downpour fell on the grave of Mohammed - a flood on millions of people who came to celebrate Ramadan.  A minute after the rain, millions of cockroaches n crickets crawled out of the ground, so the prayer stopped and everyone ran away shouting: Egypt matter. https://t.co/sQxC8nfl78",,,,,,,,,,"1649155616156336134","true","false",,"https://pbs.twimg.com/ext_tw_video_thumb/1649155162991214592/pu/img/i9B86CAeKrr71Fit.jpg","video","https://video.twimg.com/ext_tw_video/1649155162991214592/pu/vid/352x640/33i4Qw57rtf_xS1L.mp4?tag=12",,,,,,,"1649120880532783106","1649110771681357824","2023-04-20T18:40:31.000Z","28","@PeterObi Now that Peter obi starts to understand how to win the heart of the northerners, I can see some progress just that all the Obidients need to copy from him, hate no one and don’t abuse anyone coz he didn’t vote for obi, we all hope for a new Nigeria, may God bless Nigeria 🇳🇬",,,,"1649120880532783106","false","false",,,,"10","https://twitter.com/PeterObi/status/1649110771681357824","2","https://twitter.com/SagagiMukhtar/status/1649120880532783106","1050779471731707904","Peter Obi","https://twitter.com/PeterObi","PeterObi",,,,,,,,,,,,,,,,,,,,,,,,,,,,,,,,,,,,,,,,,"2429","0",,"0","https://twitter.com/search?q=flood&src=typed_query&f=live","https://twitter.com/MiztaPromise/status/1649155616156336134",,,,,,,,,,,,,,,,,,,,,,,,,,,,,,,,,,,,,,,,,,,,,,,,,,,,,,,,,,,"6"
"1648663268922204167","2023-04-20T20:58:24.000Z","0","@MikeHudema Or stop building in flood zones",,,,,,,,,,"1649155577468297216","false","false",,,,,,,,,,,,,,,,,,,,,,,,,,,,,,,,,,,,,,,,,,,,,,,,,,,,,,,,,,,,,,,,,,,,,,,,,,"0","https://twitter.com/MikeHudema/status/1648663268922204167","0","https://twitter.com/search?q=flood&src=typed_query&f=live","https://twitter.com/SharonAnnRowla3/status/1649155577468297216",,,,,,,"15088481","Mike Hudema","https://twitter.com/MikeHudema","MikeHudema",,,,,,,,,,,,,,,,,,,,,,,,,,,,,,,,,,,,,,,,,,,,,,,,,
"1648666266348171266","2023-04-20T20:58:19.000Z","0","@TaranathAluru @BharathReddyTRS @KTRBRS @KonathamDileep @BTR_KTR @ysathishreddy @Krishank_BRS @PuttaVishnuVR @JAGANBRS @NAR_Handle @sravandasoju @prakashraaj @TaranathAluru  
 flood relieve 10k  , No BJP gives that
MP, Maharastra  BJP ruled states, What's the fuel Price there? Whats cenrral tax 2014 and now?
I challenge you  that  Power tariff of Telangana is cheaper than Gujarat, Karnataka,MP &amp; all BJP ruled states. https://t.co/V1DtlNpQNB",,,,,,,,,,"1649155557813796864","false","false",,"https://pbs.twimg.com/media/FuL6OmiWwAEg2Nk.jpg","photo",,"https://pbs.twimg.com/media/FuL6PXVWYAI7V9B.jpg","photo",,,,,,,,,,,,,,,,,,,,,,,,,,,,,,,,,,,,,,,,,,,,,,,,,,,,,,,,,,,,,,,,,,,,"1","https://twitter.com/SreekarNagaraj3/status/1649152862109462530","0","https://twitter.com/search?q=flood&src=typed_query&f=live","https://twitter.com/SreekarNagaraj3/status/1649155557813796864",,,,,,,"94073850","Taranath Aluru","https://twitter.com/TaranathAluru","TaranathAluru","3275269842","Enugu Bharath Reddy","https://twitter.com/BharathReddyTRS","BharathReddyTRS","118787224","KTR","https://twitter.com/KTRBRS","KTRBRS","3294963926","Konatham Dileep","https://twitter.com/KonathamDileep","KonathamDileep","541625472","Thirupathi Bandari","https://twitter.com/BTR_KTR","BTR_KTR","3197427115","YSR","https://twitter.com/ysathishreddy","ysathishreddy","83384000","Krishank","https://twitter.com/Krishank_BRS","Krishank_BRS","1255033211941302275","Putta Vishnuvardhan Reddy","https://twitter.com/PuttaVishnuVR","PuttaVishnuVR","272308257","Jagan Patimeedi","https://twitter.com/JAGANBRS","JAGANBRS","1434432983897755654","Nayini Anurag Reddy","https://twitter.com/NAR_Handle","NAR_Handle","306313219","Prof Dasoju Srravan","https://twitter.com/sravandasoju","sravandasoju","141527741","Prakash Raj","https://twitter.com/prakashraaj","prakashraaj","94073850","Taranath Aluru","https://twitter.com/TaranathAluru","TaranathAluru","2"
"1649155538733924352","2023-04-20T20:58:14.000Z","0","Imma put diamonds on her chest while u wait for sumbody to flood ur neck 💪🏿💯😎",,,,,,,,,,"1649155538733924352","false","false",,,,,,,,,,,,,,,,,,,,,,,,,,,,,,,,,,,,,,,,,,,,,,,,,,,,,,,,,,,,,,,,,,,,,,,,,,"0",,"0","https://twitter.com/search?q=flood&src=typed_query&f=live","https://twitter.com/SlowMoney27/status/1649155538733924352",,,,,,,,,,,,,,,,,,,,,,,,,,,,,,,,,,,,,,,,,,,,,,,,,,,,,,,,,,,"5"
"1649155524951154688","2023-04-20T20:58:11.000Z","0","It's about that time of year. Flood waters not helping.",,,,,,,,,,"1649155524951154688","true","false",,,,,,,,,,,"1649075340243763200","1649075340243763200","2023-04-20T15:39:34.000Z","18","Ever wondered what a catch bag of 5,000+ #mosquitoes looks like? Wonder no more! This trap contained about nine different #mosquito species, including some invasive, and took two lab techs about 20-30 minutes to count and log. 

😮🦟💰 #FLMosquitoWeek https://t.co/nFk4vkJn99","mosquitoes","mosquito","FLMosquitoWeek","1649075340243763200","false","false","https://pbs.twimg.com/ext_tw_video_thumb/1649075251035230211/pu/img/g49fw8gZumCRci0M.jpg","video","https://video.twimg.com/ext_tw_video/1649075251035230211/pu/vid/720x1280/8zqwvCjKgF6mcJC0.mp4?tag=12","3",,"4","https://twitter.com/305Mosquito/status/1649075340243763200",,,,,,,,,,,,,,,,,,,,,,,,,,,,,,,,,,,,,,,,,,,,,"1098","0",,"1","https://twitter.com/search?q=flood&src=typed_query&f=live","https://twitter.com/TooMuchMe/status/1649155524951154688",,,,,,,,,,,,,,,,,,,,,,,,,,,,,,,,,,,,,,,,,,,,,,,,,,,,,,,,,,,"135"
"1649155493468995585","2023-04-20T20:58:04.000Z","0","30/60/100W LED UV Black Light Blacklight Flood Light Lighting Outdoor Waterproof https://t.co/Jbz3awv5Be eBay https://t.co/hNAQuAWSJM",,,,,,,,,,"1649155493468995585","false","false",,"https://pbs.twimg.com/media/FuL6LlhaIAApav8.jpg","photo",,,,,,,,,,,,,,,,,,,,,,,,,,,,,,,,,,,,,,,,,,,,,,,,,,,,,,,,,,,,,,,,,,,,,,,"0",,"0","https://twitter.com/search?q=flood&src=typed_query&f=live","https://twitter.com/EtLampes/status/1649155493468995585","ebay.com/itm/3945798416…","https://www.ebay.com/itm/394579841654?mkcid=1&mkrid=711-53200-19255-0&siteid=0&campid=5338752399&customid=&toolid=10001&mkevt=1","https://t.co/Jbz3awv5Be",,,,,,,,,,,,,,,,,,,,,,,,,,,,,,,,,,,,,,,,,,,,,,,,,,,,,,,,
"1649155488125186050","2023-04-20T20:58:02.000Z","0","Ministry, volunteer groups help victims with flood relief in Broward County https://t.co/eWS6hIQ3Mz",,,,,,,,,,"1649155488125186050","false","false",,,,,,,,,,,,,,,,,,,,,,,,,,,,,,,,,,,,,,,,,,,,,,,,,,,,,,,,,,,,,,,,,,,,,,,,,,"0",,"0","https://twitter.com/search?q=flood&src=typed_query&f=live","https://twitter.com/Local10Weather/status/1649155488125186050","local10.com/weather/2023/0…","https://www.local10.com/weather/2023/04/20/ministry-volunteer-groups-help-victims-with-flood-relief-in-broward-county/?utm_campaign=snd-autopilot&utm_source=twitter&utm_medium=social&utm_campaign=snd&utm_content=weather","https://t.co/eWS6hIQ3Mz",,,,,,,,,,,,,,,,,,,,,,,,,,,,,,,,,,,,,,,,,,,,,,,,,,,,,,,,"8"
"1649155483486257152","2023-04-20T20:58:01.000Z","2","I’m in floods of tears after watching Paul O’Grady For the love of Dogs with his funeral being today your fans your family and Andre Portasio will miss you terribly RIP Paul I hope your friends are looking after you over the rainbow 🌈 bridge 😢😢😢😢 #PaulOGrady #popdogs https://t.co/5dnvcEOki2","PaulOGrady","popdogs",,,,,,,,"1649155483486257152","false","false",,"https://pbs.twimg.com/media/FuL6K34WAAMvf-r.jpg","photo",,"https://pbs.twimg.com/media/FuL6K33WwAInFV8.jpg","photo","https://pbs.twimg.com/media/FuL6K3zWwAAHS-W.jpg","photo","https://pbs.twimg.com/media/FuL6K30XwAAzzj8.jpg","photo",,,,,,,,,,,,,,,,,,,,,,,,,,,,,,,,,,,,,,,,,,,,,,,,,,,,,,,,,,,,,,,,"1",,"0","https://twitter.com/search?q=flood&src=typed_query&f=live","https://twitter.com/Mofoman360/status/1649155483486257152",,,,,,,,,,,,,,,,,,,,,,,,,,,,,,,,,,,,,,,,,,,,,,,,,,,,,,,,,,,"36"
"1649117118305009684","2023-04-20T20:57:55.000Z","0","@DasSchwalbi War 2019/2020, bevor Longcovid ein Thema war. Wäre auf Gutachterentscheidung rausgelaufen. Das Risiko konnte ich nicht eingehen. Vor allem, nach den schlechten Erfahrungen mit diversen Ärzten/Kliniken. Hatte eben leider die falsche Versicherung. 😔",,,,,,,,,,"1649155455199977472","false","false",,,,,,,,,,,,,,,,,,,,,,,,,,,,,,,,,,,,,,,,,,,,,,,,,,,,,,,,,,,,,,,,,,,,,,,,,,"0","https://twitter.com/DasSchwalbi/status/1649152531438661643","0","https://twitter.com/search?q=flood&src=typed_query&f=live","https://twitter.com/Krueminxler/status/1649155455199977472",,,,,,,"2970405389","Schwalbi","https://twitter.com/DasSchwalbi","DasSchwalbi",,,,,,,,,,,,,,,,,,,,,,,,,,,,,,,,,,,,,,,,,,,,,,,,,"1"
"1649155450464612353","2023-04-20T20:57:53.000Z","0","idk if it’s even male validation. almost like a humiliation/mean kink. post said when a man ate you up in an argument, aka you were wrong and he was right. people were pulling out chats where the men literally insulted them. called them all sorts of names. send the flood Jesus.",,,,,,,,,,"1649155450464612353","true","false",,,,,,,,,,,"1648730955253678105","1648730955253678105","2023-04-19T16:51:06.000Z","4303","You lot need to admit you crave male validation too much, cause half of them texts, if you got sent it by a female friend they’d be war",,,,"1648730955253678105","false","false",,,,"21",,"1105","https://twitter.com/SymplyJas/status/1648730955253678105",,,,,,,,,,,,,,,,,,,,,,,,,,,,,,,,,,,,,,,,,,,,,"287168","1",,"0","https://twitter.com/search?q=flood&src=typed_query&f=live","https://twitter.com/babyystalli/status/1649155450464612353",,,,,,,,,,,,,,,,,,,,,,,,,,,,,,,,,,,,,,,,,,,,,,,,,,,,,,,,,,,"14"
"1649155526276571138","2023-04-20T20:58:11.000Z","0","M4.8 SAMOA ISLANDS REGION Depth 10.0km Apr 20, 2023 20:03:27 UTC, Apr 21, 2023 08:03:27 at epicenter https://t.co/p4ILeLCMdI",,,,,,,,,,"1649155526276571138","false","false",,,,,,,,,,,,,,,,,,,,,,,,,,,,,,,,,,,,,,,,,,,,,,,,,,,,,,,,,,,,,,,,,,,,,,,,,,"0",,"0","https://twitter.com/search?q=earthquake&src=typed_query&f=live","https://twitter.com/eq_map_ww/status/1649155526276571138","on.doi.gov/3KXZVcu","https://on.doi.gov/3KXZVcu","https://t.co/p4ILeLCMdI",,,,,,,,,,,,,,,,,,,,,,,,,,,,,,,,,,,,,,,,,,,,,,,,,,,,,,,,"6"
"1649155365853077504","2023-04-20T20:57:33.000Z","0","8in Black Polycarbonate/Aluminum 6 LED Straight 120 Degree Flood Beam Light Bar https://t.co/XSQfXERtwY eBay https://t.co/k95jiNaiGF",,,,,,,,,,"1649155365853077504","false","false",,"https://pbs.twimg.com/media/FuL6EOHaMAE_r3N.jpg","photo",,,,,,,,,,,,,,,,,,,,,,,,,,,,,,,,,,,,,,,,,,,,,,,,,,,,,,,,,,,,,,,,,,,,,,,"0",,"0","https://twitter.com/search?q=flood&src=typed_query&f=live","https://twitter.com/pieces_pour/status/1649155365853077504","ebay.com/itm/3547323560…","https://www.ebay.com/itm/354732356046?mkcid=1&mkrid=711-53200-19255-0&siteid=0&campid=5338752399&customid=&toolid=10001&mkevt=1","https://t.co/XSQfXERtwY",,,,,,,,,,,,,,,,,,,,,,,,,,,,,,,,,,,,,,,,,,,,,,,,,,,,,,,,
"1649155523353124864","2023-04-20T20:58:11.000Z","0","【mb4.8】SAMOA ISLANDS REGION Depth 10km Apr 20, 2023 20:03:27 UTC (G)https://t.co/i2pB8rG4f3 (EMSC)https://t.co/RFDORkkxLM",,,,,,,,,,"1649155523353124864","false","false",,,,,,,,,,,,,,,,,,,,,,,,,,,,,,,,,,,,,,,,,,,,,,,,,,,,,,,,,,,,,,,,,,,,,,,,,,"0",,"0","https://twitter.com/search?q=earthquake&src=typed_query&f=live","https://twitter.com/eq_map_ww2/status/1649155523353124864","bit.ly/3N1N8Zp","https://bit.ly/3N1N8Zp","https://t.co/i2pB8rG4f3","bit.ly/3H0kgwO","https://bit.ly/3H0kgwO","https://t.co/RFDORkkxLM",,,,,,,,,,,,,,,,,,,,,,,,,,,,,,,,,,,,,,,,,,,,,,,,,,,,,"7"
"1649155493192171521","2023-04-20T20:58:04.000Z","0","A 4.8 magnitude #earthquake occured at Samoa Islands region. See the full report at: https://t.co/PrXKU3P39C https://t.co/zySRe5bOrh","earthquake",,,,,,,,,"1649155493192171521","false","false",,"https://pbs.twimg.com/media/FuL6LmEagAQl0su.png","photo",,,,,,,,,,,,,,,,,,,,,,,,,,,,,,,,,,,,,,,,,,,,,,,,,,,,,,,,,,,,,,,,,,,,,,,"0",,"0","https://twitter.com/search?q=earthquake&src=typed_query&f=live","https://twitter.com/Global_EQ/status/1649155493192171521","earthquakefeed.com/eq/us6000k5vl/…","https://earthquakefeed.com/eq/us6000k5vl/Samoa-Islands-region","https://t.co/PrXKU3P39C",,,,,,,,,,,,,,,,,,,,,,,,,,,,,,,,,,,,,,,,,,,,,,,,,,,,,,,,"7"
"1649134202015850497","2023-04-20T20:57:21.000Z","0","@mejenwalton @DutchBros Nicely done!",,,,,,,,,,"1649155314476785665","false","false",,,,,,,,,,,,,,,,,,,,,,,,,,,,,,,,,,,,,,,,,,,,,,,,,,,,,,,,,,,,,,,,,,,,,,,,,,"0","https://twitter.com/mejenwalton/status/1649134202015850497","0","https://twitter.com/search?q=flood&src=typed_query&f=live","https://twitter.com/NOLAFloods/status/1649155314476785665",,,,,,,"477417461","Jen Walton","https://twitter.com/mejenwalton","mejenwalton","20708861","Dutch Bros Coffee","https://twitter.com/DutchBros","DutchBros",,,,,,,,,,,,,,,,,,,,,,,,,,,,,,,,,,,,,,,,,,,,,
"1649155490381967360","2023-04-20T20:58:03.000Z","0","4.8 magnitude #earthquake. 164 km from Mata-Utu, #Circonscriptiond'Uvéa, Wallis and Futuna https://t.co/9ftZSZgjGV","earthquake","Circonscriptiond",,,,,,,,"1649155490381967360","false","false",,,,,,,,,,,,,,,,,,,,,,,,,,,,,,,,,,,,,,,,,,,,,,,,,,,,,,,,,,,,,,,,,,,,,,,,,,"0",,"1","https://twitter.com/search?q=earthquake&src=typed_query&f=live","https://twitter.com/QuakesToday/status/1649155490381967360","earthquaketrack.com/quakes/2023-04…","http://www.earthquaketrack.com/quakes/2023-04-20-20-03-27-utc-4-8-10","https://t.co/9ftZSZgjGV",,,,,,,,,,,,,,,,,,,,,,,,,,,,,,,,,,,,,,,,,,,,,,,,,,,,,,,,"171"
"1649155422127783938","2023-04-20T20:57:47.000Z","0","4.8 earthquake occurred 163km SSE of Mata-Utu, Wallis and Futuna at 20:03 UTC! #earthquake #MataUtu https://t.co/PUzx0jryno","earthquake","MataUtu",,,,,,,,"1649155422127783938","false","false",,,,,,,,,,,,,,,,,,,,,,,,,,,,,,,,,,,,,,,,,,,,,,,,,,,,,,,,,,,,,,,,,,,,,,,,,,"0",,"0","https://twitter.com/search?q=earthquake&src=typed_query&f=live","https://twitter.com/myearthquakeapp/status/1649155422127783938","earthquak.es/us6000k5vl","https://earthquak.es/us6000k5vl","https://t.co/PUzx0jryno",,,,,,,,,,,,,,,,,,,,,,,,,,,,,,,,,,,,,,,,,,,,,,,,,,,,,,,,"30"
"1649110771681357824","2023-04-20T18:40:31.000Z","28","@PeterObi Now that Peter obi starts to understand how to win the heart of the northerners, I can see some progress just that all the Obidients need to copy from him, hate no one and don’t abuse anyone coz he didn’t vote for obi, we all hope for a new Nigeria, may God bless Nigeria 🇳🇬",,,,,,,,,,"1649120880532783106","false","false",,,,,,,,,,,,,,,,,,,,,,,,,,,,,,,,,,,,,,,,,,,,,,,,,,,,,,,,,,,,,,,,,,,,,,,,,,"10","https://twitter.com/PeterObi/status/1649110771681357824","2","https://twitter.com/search?q=flood&src=typed_query&f=live","https://twitter.com/SagagiMukhtar/status/1649120880532783106",,,,,,,"1050779471731707904","Peter Obi","https://twitter.com/PeterObi","PeterObi",,,,,,,,,,,,,,,,,,,,,,,,,,,,,,,,,,,,,,,,,,,,,,,,,"2429"
"1649155378033172485","2023-04-20T20:57:36.000Z","0","#Earthquake (#sismo) M2.9 strikes 29 km S of #Coquimbo (#Chile) 34 min ago. More info: https://t.co/coWeUjZH7h","Earthquake","sismo","Coquimbo","Chile",,,,,,"1649155378033172485","false","false",,,,,,,,,,,,,,,,,,,,,,,,,,,,,,,,,,,,,,,,,,,,,,,,,,,,,,,,,,,,,,,,,,,,,,,,,,"0",,"0","https://twitter.com/search?q=earthquake&src=typed_query&f=live","https://twitter.com/EMSC/status/1649155378033172485","emsc-csem.org/Earthquake/ear…","https://www.emsc-csem.org/Earthquake/earthquake.php?id=1252214","https://t.co/coWeUjZH7h",,,,,,,,,,,,,,,,,,,,,,,,,,,,,,,,,,,,,,,,,,,,,,,,,,,,,,,,"101"
"1649119885278969876","2023-04-20T18:36:34.000Z","272","Hozier's twitter account is no longer verified https://t.co/0Wt2JZ67c8",,,,,,,,,,"1649119885278969876","false","false",,"https://pbs.twimg.com/media/FuLZy9vWABYo5hE.jpg","photo",,,,,,,,,,,,,,,,,,,,,,,,,,,,,,,,,,,,,,,,,,,,,,,,,,,,,,,,,,,,,,,,,,,,,,,"5",,"14","https://twitter.com/search?q=flood&src=typed_query&f=live","https://twitter.com/dailyhozierpics/status/1649119885278969876",,,,,,,,,,,,,,,,,,,,,,,,,,,,,,,,,,,,,,,,,,,,,,,,,,,,,,,,,,,"13624"
"1649075340243763200","2023-04-20T15:39:34.000Z","18","Ever wondered what a catch bag of 5,000+ #mosquitoes looks like? Wonder no more! This trap contained about nine different #mosquito species, including some invasive, and took two lab techs about 20-30 minutes to count and log. 

😮🦟💰 #FLMosquitoWeek https://t.co/nFk4vkJn99","mosquitoes","mosquito","FLMosquitoWeek",,,,,,,"1649075340243763200","false","false",,"https://pbs.twimg.com/ext_tw_video_thumb/1649075251035230211/pu/img/g49fw8gZumCRci0M.jpg","video","https://video.twimg.com/ext_tw_video/1649075251035230211/pu/vid/720x1280/8zqwvCjKgF6mcJC0.mp4?tag=12",,,,,,,,,,,,,,,,,,,,,,,,,,,,,,,,,,,,,,,,,,,,,,,,,,,,,,,,,,,,,,,,,,,,,,"3",,"4","https://twitter.com/search?q=flood&src=typed_query&f=live","https://twitter.com/305Mosquito/status/1649075340243763200",,,,,,,,,,,,,,,,,,,,,,,,,,,,,,,,,,,,,,,,,,,,,,,,,,,,,,,,,,,"1098"
"1648730955253678105","2023-04-19T16:51:06.000Z","4303","You lot need to admit you crave male validation too much, cause half of them texts, if you got sent it by a female friend they’d be war",,,,,,,,,,"1648730955253678105","false","false",,,,,,,,,,,,,,,,,,,,,,,,,,,,,,,,,,,,,,,,,,,,,,,,,,,,,,,,,,,,,,,,,,,,,,,,,,"21",,"1105","https://twitter.com/search?q=flood&src=typed_query&f=live","https://twitter.com/SymplyJas/status/1648730955253678105",,,,,,,,,,,,,,,,,,,,,,,,,,,,,,,,,,,,,,,,,,,,,,,,,,,,,,,,,,,"287168"
"1649155217093476353","2023-04-20T20:56:58.000Z","1","Purchase NFT fees will be used only for earthquake victims in TURKEY  
PLS Support   
Floor Price 0.0015  #ETH      
RT-BUY Wish you all a very happy and peaceful Eid @Crypto_prof37 
https://t.co/9BHC5xIo0f………………………………………  #NFT  #turkeyearthquake2023 #NFTGiveaways https://t.co/nHxWS249qX","ETH","NFT","turkeyearthquake2023","NFTGiveaways",,,,,,"1649155217093476353","false","false",,"https://pbs.twimg.com/media/FuL5dj-XwAEO3-W.png","photo",,,,,,,,,,,,,,,,,,,,,,,,,,,,,,,,,,,,,,,,,,,,,,,,,,,,,,,,,,,,,,,,,,,,,,,"0",,"0","https://twitter.com/search?q=earthquake&src=typed_query&f=live","https://twitter.com/BlackPenSkull/status/1649155217093476353","opensea.io/collection/tor…","https://opensea.io/collection/torch-of-hephaestus","https://t.co/9BHC5xIo0f",,,,"1455590550367875078","Crypto Club","https://twitter.com/Crypto_prof37","Crypto_prof37",,,,,,,,,,,,,,,,,,,,,,,,,,,,,,,,,,,,,,,,,,,,,,,,,"10"
"1649155192502222851","2023-04-20T20:56:52.000Z","0","Horrific",,,,,,,,,,"1649155192502222851","true","false",,,,,,,,,,,"1649154921101422592","1649154921101422592","2023-04-20T20:55:47.000Z","510","Sum up that performance in one word 👇 https://t.co/MmTLDnUQVj",,,,"1649154921101422592","false","false","https://pbs.twimg.com/media/FuL5p7-X0AQY9oE.jpg","photo",,"584",,"29","https://twitter.com/utdreport/status/1649154921101422592",,,,,,,,,,,,,,,,,,,,,,,,,,,,,,,,,,,,,,,,,,,,,"71207","0",,"0","https://twitter.com/search?q=earthquake&src=typed_query&f=live","https://twitter.com/Earthquake_Lake/status/1649155192502222851",,,,,,,,,,,,,,,,,,,,,,,,,,,,,,,,,,,,,,,,,,,,,,,,,,,,,,,,,,,"18"
"1649154987325358080","2023-04-20T20:56:03.000Z","0","Welp just had our first earthquake 🤣🤣🤣🤣🤣 and it actually scared me when my screen started shaking lmfao https://t.co/w9lWRzw0hc",,,,,,,,,,"1649154987325358080","false","false",,"https://pbs.twimg.com/media/FuL5sceX0AIxLQx.jpg","photo",,,,,,,,,,,,,,,,,,,,,,,,,,,,,,,,,,,,,,,,,,,,,,,,,,,,,,,,,,,,,,,,,,,,,,,"0",,"0","https://twitter.com/search?q=earthquake&src=typed_query&f=live","https://twitter.com/SimsGirl1008/status/1649154987325358080",,,,,,,,,,,,,,,,,,,,,,,,,,,,,,,,,,,,,,,,,,,,,,,,,,,,,,,,,,,"17"
"1649154969348767752","2023-04-20T20:55:59.000Z","0","Anyway people in Aotearoa have so much event trauma that we have our standard tiny earthquakes we always have all the time and they're panicking about it and they have no access to mental health services to cope with this constant anxiety and that's just bad",,,,,,,,,,"1649154969348767752","false","false",,,,,,,,,,,,,,,,,,,,,,,,,,,,,,,,,,,,,,,,,,,,,,,,,,,,,,,,,,,,,,,,,,,,,,,,,,"0",,"0","https://twitter.com/search?q=earthquake&src=typed_query&f=live","https://twitter.com/audihoe/status/1649154969348767752",,,,,,,,,,,,,,,,,,,,,,,,,,,,,,,,,,,,,,,,,,,,,,,,,,,,,,,,,,,"12"
"1649154921101422592","2023-04-20T20:55:47.000Z","510","Sum up that performance in one word 👇 https://t.co/MmTLDnUQVj",,,,,,,,,,"1649154921101422592","false","false",,"https://pbs.twimg.com/media/FuL5p7-X0AQY9oE.jpg","photo",,,,,,,,,,,,,,,,,,,,,,,,,,,,,,,,,,,,,,,,,,,,,,,,,,,,,,,,,,,,,,,,,,,,,,,"584",,"29","https://twitter.com/search?q=earthquake&src=typed_query&f=live","https://twitter.com/utdreport/status/1649154921101422592",,,,,,,,,,,,,,,,,,,,,,,,,,,,,,,,,,,,,,,,,,,,,,,,,,,,,,,,,,,"71207"
"1649153494421499934","2023-04-20T20:55:41.000Z","1","@bethanydogcat @nytimes Who do I save first. There’s South Sudan famine. There’s the earthquake in Turkiye and Syria. There’s a person down the street. There are dogs and cats … who do I save next",,,,,,,,,,"1649154896774717440","false","false",,,,,,,,,,,,,,,,,,,,,,,,,,,,,,,,,,,,,,,,,,,,,,,,,,,,,,,,,,,,,,,,,,,,,,,,,,"0","https://twitter.com/bethanydogcat/status/1649153989408161793","0","https://twitter.com/search?q=earthquake&src=typed_query&f=live","https://twitter.com/marsthedog/status/1649154896774717440",,,,,,,"1700496698","Mohamed Lemine","https://twitter.com/bethanydogcat","bethanydogcat","807095","The New York Times","https://twitter.com/nytimes","nytimes",,,,,,,,,,,,,,,,,,,,,,,,,,,,,,,,,,,,,,,,,,,,,"20"
"1649154813890813955","2023-04-20T20:55:22.000Z","0","just realised “you can have my back any day. / or you know, you could have mine.” happens BEFORE the earthquake. they’ve known each other for what, one shift? i’m fine.",,,,,,,,,,"1649154813890813955","false","false",,,,,,,,,,,,,,,,,,,,,,,,,,,,,,,,,,,,,,,,,,,,,,,,,,,,,,,,,,,,,,,,,,,,,,,,,,"0",,"0","https://twitter.com/search?q=earthquake&src=typed_query&f=live","https://twitter.com/barlowsagenda/status/1649154813890813955",,,,,,,,,,,,,,,,,,,,,,,,,,,,,,,,,,,,,,,,,,,,,,,,,,,,,,,,,,,"19"
"1649154768756150272","2023-04-20T20:55:11.000Z","0","liberal activists
- YES! leave that city.
- no earthquakes. a different judgement.
- if you leave now.. you can be a greater blessing later. 
- yes, i've recycled in the past. stewardship mindset not ideology...quantify a volcano erupting...impossible!...",,,,,,,,,,"1649154768756150272","false","false",,,,,,,,,,,,,,,,,,,,,,,,,,,,,,,,,,,,,,,,,,,,,,,,,,,,,,,,,,,,,,,,,,,,,,,,,,"0",,"0","https://twitter.com/search?q=earthquake&src=typed_query&f=live","https://twitter.com/caesar01022020/status/1649154768756150272",,,,,,,,,,,,,,,,,,,,,,,,,,,,,,,,,,,,,,,,,,,,,,,,,,,,,,,,,,,"14"
"1649154754444926980","2023-04-20T20:55:07.000Z","0","USGS reports a M2.3 earthquake, 55 km S of Whites City, New Mexico on 4/20/23 @ 7:59:59 UTChttps://t.co/owy3tQkdUx#earthquake","earthquake",,,,,,,,,"1649154754444926980","false","false",,,,,,,,,,,,,,,,,,,,,,,,,,,,,,,,,,,,,,,,,,,,,,,,,,,,,,,,,,,,,,,,,,,,,,,,,,"0",,"0","https://twitter.com/search?q=earthquake&src=typed_query&f=live","https://twitter.com/everyEarthquake/status/1649154754444926980","earthquake.usgs.gov/earthquakes/ev…","https://earthquake.usgs.gov/earthquakes/eventpage/tx2023hrtr","https://t.co/owy3tQkdUx",,,,,,,,,,,,,,,,,,,,,,,,,,,,,,,,,,,,,,,,,,,,,,,,,,,,,,,,"73"
"1649154742394953728","2023-04-20T20:55:05.000Z","0","A 2.3 magnitude #earthquake occured at 55 km S of Whites City, New Mexico. See the full report at: https://t.co/s4IJKnIMDH https://t.co/Dxf1rCljpI","earthquake",,,,,,,,,"1649154742394953728","false","false",,"https://pbs.twimg.com/media/FuL5f6XaQAAbTis.png","photo",,,,,,,,,,,,,,,,,,,,,,,,,,,,,,,,,,,,,,,,,,,,,,,,,,,,,,,,,,,,,,,,,,,,,,,"0",,"0","https://twitter.com/search?q=earthquake&src=typed_query&f=live","https://twitter.com/Global_EQ/status/1649154742394953728","earthquakefeed.com/eq/tx2023hrtr/…","https://earthquakefeed.com/eq/tx2023hrtr/55-km-S-of-Whites-City-New-Mexico","https://t.co/s4IJKnIMDH",,,,,,,,,,,,,,,,,,,,,,,,,,,,,,,,,,,,,,,,,,,,,,,,,,,,,,,,"18"
"1649154658252759042","2023-04-20T20:54:44.000Z","0","If you are free next Tuesday at 6pm, come to the lovely Oxford Brookes Clerici Building for an evening of performances from our bridge translation event, with music and free cake! All donations go to UNICEF Turkey-Earthquake appeal. Sign up here ↓

https://t.co/unBKroYZc6",,,,,,,,,,"1649154658252759042","false","false",,,,,,,,,,,,,,,,,,,,,,,,,,,,,,,,,,,,,,,,,,,,,,,,,,,,,,,,,,,,,,,,,,,,,,,,,,"0",,"0","https://twitter.com/search?q=earthquake&src=typed_query&f=live","https://twitter.com/laurence_mann/status/1649154658252759042","eventbrite.co.uk/e/post-earthqu…","https://www.eventbrite.co.uk/e/post-earthquake-literature-retelling-catastrophe-through-translation-tickets-598360401067","https://t.co/unBKroYZc6",,,,,,,,,,,,,,,,,,,,,,,,,,,,,,,,,,,,,,,,,,,,,,,,,,,,,,,,"10"
"1649154657053478912","2023-04-20T20:54:44.000Z","3","No. How do I know? Because he has an established record for how he operates with the SJ Earthquakes. He will not invest more money because he'll now be in an actual small market, lose revenue share, and have to recoup the cost of the stadium. He always has an excuse not to pay.",,,,,,,,,,"1649154657053478912","true","false",,,,,,,,,,,"1649076982859309056","1649076263112572928","2023-04-20T15:46:05.000Z","2","@ClarkCountyNV @Athletics @MLB @MichaelNaft @JustinJonesNV @MKNVspeaks @tsegerblom @LVCVA @DaveKaval @CommishJGibson @CommishMcCurdy Will there be greater payroll commitments? https://t.co/MZgeR4uNNY",,,,"1649076982859309056","false","false","https://pbs.twimg.com/media/FuKyxolagAAKnnf.jpg","photo",,"2","https://twitter.com/ClarkCountyNV/status/1649076263112572928","0","https://twitter.com/JJWaeghe/status/1649076982859309056","33601080","Clark County Nevada","https://twitter.com/ClarkCountyNV","ClarkCountyNV","19607400","Oakland A's","https://twitter.com/Athletics","Athletics","18479513","MLB","https://twitter.com/MLB","MLB","363990957","Michael Naft","https://twitter.com/MichaelNaft","MichaelNaft","500577001","Justin Jones","https://twitter.com/JustinJonesNV","JustinJonesNV","307665470","Marilyn Kirkpatrick","https://twitter.com/MKNVspeaks","MKNVspeaks","256757744","Tick Segerblom","https://twitter.com/tsegerblom","tsegerblom","18359909","Vegas Means Business","https://twitter.com/LVCVA","LVCVA","500492761","Dave Kaval","https://twitter.com/DaveKaval","DaveKaval","958051901920100353","Commissioner Jim Gibson","https://twitter.com/CommishJGibson","CommishJGibson","1358858701482782720","Commissioner William McCurdy II","https://twitter.com/CommishMcCurdy","CommishMcCurdy","536","0",,"1","https://twitter.com/search?q=earthquake&src=typed_query&f=live","https://twitter.com/Tony_Frye/status/1649154657053478912",,,,,,,,,,,,,,,,,,,,,,,,,,,,,,,,,,,,,,,,,,,,,,,,,,,,,,,,,,,"67"
"1649113204222754816","2023-04-20T20:54:01.000Z","1","@maskofbun aight. bet.",,,,,,,,,,"1649154475641249793","false","false",,,,,,,,,,,,,,,,,,,,,,,,,,,,,,,,,,,,,,,,,,,,,,,,,,,,,,,,,,,,,,,,,,,,,,,,,,"0","https://twitter.com/maskofbun/status/1649114338630967296","0","https://twitter.com/search?q=earthquake&src=typed_query&f=live","https://twitter.com/TheDrippyPeach/status/1649154475641249793",,,,,,,"1588147155167870976","bigolas dickolas woIfwood","https://twitter.com/maskofbun","maskofbun",,,,,,,,,,,,,,,,,,,,,,,,,,,,,,,,,,,,,,,,,,,,,,,,,"10"
"1649154228282331136","2023-04-20T20:53:02.000Z","0","I know I deserve these beautiful things around but I still feel like I'm made to tragic things and nightmares. I'm created to walk on earthquakes and swim in floods. That this existence fits in catastrophe and broken endings.",,,,,,,,,,"1649154228282331136","false","false",,,,,,,,,,,,,,,,,,,,,,,,,,,,,,,,,,,,,,,,,,,,,,,,,,,,,,,,,,,,,,,,,,,,,,,,,,"0",,"0","https://twitter.com/search?q=earthquake&src=typed_query&f=live","https://twitter.com/minlorente/status/1649154228282331136",,,,,,,,,,,,,,,,,,,,,,,,,,,,,,,,,,,,,,,,,,,,,,,,,,,,,,,,,,,"8"
"1649154198301208577","2023-04-20T20:52:55.000Z","0","Mr. Clark’s class learned about how earthquakes affect skyscrapers and attempted to build their own skyscrapers out of toothpicks and marshmallows. The goal was to construct a skyscraper that would withstand a “jello” earthquake. #JohnsonProud #OurKidsRock https://t.co/w5pcEo4Cxx","JohnsonProud","OurKidsRock",,,,,,,,"1649154198301208577","false","false",,"https://pbs.twimg.com/media/FuL49RXWcAMBPdk.jpg","photo",,"https://pbs.twimg.com/media/FuL49RXWwAY5zCi.jpg","photo","https://pbs.twimg.com/media/FuL49RcWAAA7gqD.jpg","photo","https://pbs.twimg.com/media/FuL49RYXwAA78tW.jpg","photo",,,,,,,,,,,,,,,,,,,,,,,,,,,,,,,,,,,,,,,,,,,,,,,,,,,,,,,,,,,,,,,,"0",,"0","https://twitter.com/search?q=earthquake&src=typed_query&f=live","https://twitter.com/MJohnsonSchool/status/1649154198301208577",,,,,,,,,,,,,,,,,,,,,,,,,,,,,,,,,,,,,,,,,,,,,,,,,,,,,,,,,,,"13"
"1649076263112572928","2023-04-20T15:46:05.000Z","2","@ClarkCountyNV @Athletics @MLB @MichaelNaft @JustinJonesNV @MKNVspeaks @tsegerblom @LVCVA @DaveKaval @CommishJGibson @CommishMcCurdy Will there be greater payroll commitments? https://t.co/MZgeR4uNNY",,,,,,,,,,"1649076982859309056","false","false",,"https://pbs.twimg.com/media/FuKyxolagAAKnnf.jpg","photo",,,,,,,,,,,,,,,,,,,,,,,,,,,,,,,,,,,,,,,,,,,,,,,,,,,,,,,,,,,,,,,,,,,,,,,"2","https://twitter.com/ClarkCountyNV/status/1649076263112572928","0","https://twitter.com/search?q=earthquake&src=typed_query&f=live","https://twitter.com/JJWaeghe/status/1649076982859309056",,,,,,,"33601080","Clark County Nevada","https://twitter.com/ClarkCountyNV","ClarkCountyNV","19607400","Oakland A's","https://twitter.com/Athletics","Athletics","18479513","MLB","https://twitter.com/MLB","MLB","363990957","Michael Naft","https://twitter.com/MichaelNaft","MichaelNaft","500577001","Justin Jones","https://twitter.com/JustinJonesNV","JustinJonesNV","307665470","Marilyn Kirkpatrick","https://twitter.com/MKNVspeaks","MKNVspeaks","256757744","Tick Segerblom","https://twitter.com/tsegerblom","tsegerblom","18359909","Vegas Means Business","https://twitter.com/LVCVA","LVCVA","500492761","Dave Kaval","https://twitter.com/DaveKaval","DaveKaval","958051901920100353","Commissioner Jim Gibson","https://twitter.com/CommishJGibson","CommishJGibson","1358858701482782720","Commissioner William McCurdy II","https://twitter.com/CommishMcCurdy","CommishMcCurdy",,,,,,,,,"536"
"1648673547349270528","2023-04-20T20:57:10.000Z","0","@UziVerse1990 @GoldingBF Really, then why do Muslims flood into countries with a different   ""concept"" rather than going to one's with the same concept.",,,,,,,,,,"1649155269413285888","false","false",,,,,,,,,,,,,,,,,,,,,,,,,,,,,,,,,,,,,,,,,,,,,,,,,,,,,,,,,,,,,,,,,,,,,,,,,,"0","https://twitter.com/UziVerse1990/status/1648894775855132675","0","https://twitter.com/search?q=flood&src=typed_query&f=live","https://twitter.com/shazzycat10/status/1649155269413285888",,,,,,,"1595418914061688835","SHEEP GHOST","https://twitter.com/UziVerse1990","UziVerse1990","455264233","Paul Golding","https://twitter.com/GoldingBF","GoldingBF",,,,,,,,,,,,,,,,,,,,,,,,,,,,,,,,,,,,,,,,,,,,,
"1649120774802767885","2023-04-20T20:57:05.000Z","0","@salvalucania @icardiyolog3131 @ilkertiano @UltrasTurkish Kıl tüy mü ? İrfan kendini atar penaltı,Arda havuza uçar penaltı. Şuna benzer 1-2 penaltı ile maç kazansak veya puan kaybetsek 30 twitli flood girer sizin resmi hesap",,,,,,,,,,"1649155248152367106","false","false",,,,,,,,,,,,,,,,,,,,,,,,,,,,,,,,,,,,,,,,,,,,,,,,,,,,,,,,,,,,,,,,,,,,,,,,,,"1","https://twitter.com/salvalucania/status/1649142053635256328","0","https://twitter.com/search?q=flood&src=typed_query&f=live","https://twitter.com/sevensokanft/status/1649155248152367106",,,,,,,"1507790711768469510","umut","https://twitter.com/salvalucania","salvalucania","1553074482453139460","didier 🇫🇷","https://twitter.com/icardiyolog3131","icardiyolog3131","1187076821617172480","İLKERTİANO","https://twitter.com/ilkertiano","ilkertiano","1069525054151630849","Turkish Ultras","https://twitter.com/UltrasTurkish","UltrasTurkish",,,,,,,,,,,,,,,,,,,,,,,,,,,,,,,,,,,,,"4"
"1649155244025163778","2023-04-20T20:57:04.000Z","1","Marquette County declares a local state of emergency due to damaging floods https://t.co/AghozONPsO",,,,,,,,,,"1649155244025163778","false","false",,,,,,,,,,,,,,,,,,,,,,,,,,,,,,,,,,,,,,,,,,,,,,,,,,,,,,,,,,,,,,,,,,,,,,,,,,"0",,"0","https://twitter.com/search?q=flood&src=typed_query&f=live","https://twitter.com/wzmq19/status/1649155244025163778","wzmq19.com/news/310932/ma…","https://wzmq19.com/news/310932/marquette-county-declares-a-local-state-of-emergency-due-to-damaging-floods/","https://t.co/AghozONPsO",,,,,,,,,,,,,,,,,,,,,,,,,,,,,,,,,,,,,,,,,,,,,,,,,,,,,,,,"3"
"1649155242271834112","2023-04-20T20:57:04.000Z","0","i haven't felt an ounce of social anxiety in the past 2 days, like i was just out singing and dancing in the middle of a park in front of people with my friends and quite frankly i had a blast",,,,,,,,,,"1649155242271834112","false","false",,,,,,,,,,,,,,,,,,,,,,,,,,,,,,,,,,,,,,,,,,,,,,,,,,,,,,,,,,,,,,,,,,,,,,,,,,"0",,"0","https://twitter.com/search?q=flood&src=typed_query&f=live","https://twitter.com/sunlitwalls/status/1649155242271834112",,,,,,,,,,,,,,,,,,,,,,,,,,,,,,,,,,,,,,,,,,,,,,,,,,,,,,,,,,,"12"
"1649066321139716096","2023-04-20T20:57:02.000Z","0","@NickAdamsinUSA https://t.co/pr2EtLd6ru",,,,,,,,,,"1649155234218889219","false","false",,"https://pbs.twimg.com/media/FuL58iQXgAUS7TU.jpg","photo",,,,,,,,,,,,,,,,,,,,,,,,,,,,,,,,,,,,,,,,,,,,,,,,,,,,,,,,,,,,,,,,,,,,,,,"0","https://twitter.com/NickAdamsinUSA/status/1649066321139716096","0","https://twitter.com/search?q=flood&src=typed_query&f=live","https://twitter.com/FloodCityGirl/status/1649155234218889219",,,,,,,"91583544","Nick Adams (Alpha Male)","https://twitter.com/NickAdamsinUSA","NickAdamsinUSA",,,,,,,,,,,,,,,,,,,,,,,,,,,,,,,,,,,,,,,,,,,,,,,,,"1"
"1649154185349267460","2023-04-20T20:52:52.000Z","0","I’d like to commend @NvirWorld for organizing a donation ceremony for the victims of the earthquake in turkey-syria! That’s a very thoughtful thing to do.. #NVIR","NVIR",,,,,,,,,"1649154185349267460","false","false",,,,,,,,,,,,,,,,,,,,,,,,,,,,,,,,,,,,,,,,,,,,,,,,,,,,,,,,,,,,,,,,,,,,,,,,,,"0",,"0","https://twitter.com/search?q=earthquake&src=typed_query&f=live","https://twitter.com/JoyBala89429683/status/1649154185349267460",,,,,,,"1391022745639526411","NvirWorld","https://twitter.com/NvirWorld","NvirWorld",,,,,,,,,,,,,,,,,,,,,,,,,,,,,,,,,,,,,,,,,,,,,,,,,"10"
"1649154123525238801","2023-04-20T20:52:37.000Z","1","An integral part of Turkey's heritage, Antakya's Orthodox Christian community have, for 2000 years, withstood the test of time. But the shattering effects of the earthquake threaten the group's existence, a threat worsened by state ambivalence https://t.co/AtQ4952em3",,,,,,,,,,"1649154123525238801","false","false",,,,,,,,,,,,,,,,,,,,,,,,,,,,,,,,,,,,,,,,,,,,,,,,,,,,,,,,,,,,,,,,,,,,,,,,,,"0",,"1","https://twitter.com/search?q=earthquake&src=typed_query&f=live","https://twitter.com/The_NewArab/status/1649154123525238801","newarab.com/features/turke…","https://www.newarab.com/features/turkeys-orthodox-community-returns-life-after-earthquake","https://t.co/AtQ4952em3",,,,,,,,,,,,,,,,,,,,,,,,,,,,,,,,,,,,,,,,,,,,,,,,,,,,,,,,"338"
"1649098149255061505","2023-04-20T20:52:29.000Z","0","@CharlotteCGill Worth all the earthquakes, then... 😉",,,,,,,,,,"1649154089446457348","false","false",,,,,,,,,,,,,,,,,,,,,,,,,,,,,,,,,,,,,,,,,,,,,,,,,,,,,,,,,,,,,,,,,,,,,,,,,,"0","https://twitter.com/CharlotteCGill/status/1649098149255061505","0","https://twitter.com/search?q=earthquake&src=typed_query&f=live","https://twitter.com/_davidhansard/status/1649154089446457348",,,,,,,"375325622","Charlotte Gill","https://twitter.com/CharlotteCGill","CharlotteCGill",,,,,,,,,,,,,,,,,,,,,,,,,,,,,,,,,,,,,,,,,,,,,,,,,"7"
"1649154059239030784","2023-04-20T20:52:22.000Z","0","Anger grows in Turkey as earthquake death toll passes 21,000 and rescue hopes dwindle. 
Thousands spent the night in the debris-encrusted streets of Adiyaman with little shelter and huddled around small fires.  
#TurkeySyriaEarthquake 
https://t.co/hvg7Koxo5a 03","TurkeySyriaEarthquake",,,,,,,,,"1649154059239030784","false","false",,"https://pbs.twimg.com/amplify_video_thumb/1623852031730454532/img/kG4HzQ3FuLyMtywT.jpg","video","https://video.twimg.com/amplify_video/1623852031730454532/vid/888x488/_Tozo9iHi7ouHxp4.mp4?tag=16",,,,,,,,,,,,,,,,,,,,,,,,,,,,,,,,,,,,,,,,,,,,,,,,,,,,,,,,,,,,,,,,,,,,,,"0",,"0","https://twitter.com/search?q=earthquake&src=typed_query&f=live","https://twitter.com/TomthunkitsMind/status/1649154059239030784",,,,,,,,,,,,,,,,,,,,,,,,,,,,,,,,,,,,,,,,,,,,,,,,,,,,,,,,,,,"38"
"1649151835977187330","2023-04-20T20:52:13.000Z","1","@shaylarz Oh hell that was bad 😂 I get why you pick tornados over earthquakes",,,,,,,,,,"1649154024921505792","false","false",,,,,,,,,,,,,,,,,,,,,,,,,,,,,,,,,,,,,,,,,,,,,,,,,,,,,,,,,,,,,,,,,,,,,,,,,,"1","https://twitter.com/shaylarz/status/1649153228846559250","0","https://twitter.com/search?q=earthquake&src=typed_query&f=live","https://twitter.com/MandyNicole38/status/1649154024921505792",,,,,,,"121649032","commissioner shayla🧾","https://twitter.com/shaylarz","shaylarz",,,,,,,,,,,,,,,,,,,,,,,,,,,,,,,,,,,,,,,,,,,,,,,,,"17"
"1649028490937749504","2023-04-20T20:52:09.000Z","0","@BTexas1969 @4Mischief This was after a 6.3 earthquake",,,,,,,,,,"1649154006311403522","false","false",,,,,,,,,,,,,,,,,,,,,,,,,,,,,,,,,,,,,,,,,,,,,,,,,,,,,,,,,,,,,,,,,,,,,,,,,,"0","https://twitter.com/BTexas1969/status/1649051071111917571","0","https://twitter.com/search?q=earthquake&src=typed_query&f=live","https://twitter.com/Retired91465105/status/1649154006311403522",,,,,,,"1167077341560025088","COFFEE","https://twitter.com/BTexas1969","BTexas1969","450235955","• ᗰISᑕᕼIᗴᖴ ™ •","https://twitter.com/4Mischief","4Mischief",,,,,,,,,,,,,,,,,,,,,,,,,,,,,,,,,,,,,,,,,,,,,"6"
"1649153999608901632","2023-04-20T20:52:07.000Z","0","Why did we have 3 earthquakes in one morning what the actual fuck",,,,,,,,,,"1649153999608901632","false","false",,,,,,,,,,,,,,,,,,,,,,,,,,,,,,,,,,,,,,,,,,,,,,,,,,,,,,,,,,,,,,,,,,,,,,,,,,"0",,"0","https://twitter.com/search?q=earthquake&src=typed_query&f=live","https://twitter.com/daylightmarner/status/1649153999608901632",,,,,,,,,,,,,,,,,,,,,,,,,,,,,,,,,,,,,,,,,,,,,,,,,,,,,,,,,,,"51"
